526  ,  2.00  ,  9.77  ,  0.16  ,  162.76
528  ,  4.00  ,  19.53  ,  0.33  ,  325.52
527  ,  3.00  ,  14.65  ,  0.24  ,  244.14
525  ,  1.00  ,  4.88  ,  0.08  ,  81.38
525  ,  1.00  ,  4.88  ,  0.08  ,  81.38
525  ,  1.00  ,  4.88  ,  0.08  ,  81.38
526  ,  2.00  ,  9.77  ,  0.16  ,  162.76
526  ,  2.00  ,  9.77  ,  0.16  ,  162.76
525  ,  1.00  ,  4.88  ,  0.08  ,  81.38
526  ,  2.00  ,  9.77  ,  0.16  ,  162.76
526  ,  2.00  ,  9.77  ,  0.16  ,  162.76
526  ,  2.00  ,  9.77  ,  0.16  ,  162.76
525  ,  1.00  ,  4.88  ,  0.08  ,  81.38
525  ,  1.00  ,  4.88  ,  0.08  ,  81.38
526  ,  2.00  ,  9.77  ,  0.16  ,  162.76
527  ,  3.00  ,  14.65  ,  0.24  ,  244.14
526  ,  2.00  ,  9.77  ,  0.16  ,  162.76
528  ,  4.00  ,  19.53  ,  0.33  ,  325.52
526  ,  2.00  ,  9.77  ,  0.16  ,  162.76
526  ,  2.00  ,  9.77  ,  0.16  ,  162.76
526  ,  2.00  ,  9.77  ,  0.16  ,  162.76
522  ,  -2.00  ,  -9.77  ,  -0.16  ,  -162.76
525  ,  1.00  ,  4.88  ,  0.08  ,  81.38
525  ,  1.00  ,  4.88  ,  0.08  ,  81.38
526  ,  2.00  ,  9.77  ,  0.16  ,  162.76
525  ,  1.00  ,  4.88  ,  0.08  ,  81.38
525  ,  1.00  ,  4.88  ,  0.08  ,  81.38
529  ,  5.00  ,  24.41  ,  0.41  ,  406.90
525  ,  1.00  ,  4.88  ,  0.08  ,  81.38
526  ,  2.00  ,  9.77  ,  0.16  ,  162.76
526  ,  2.00  ,  9.77  ,  0.16  ,  162.76
526  ,  2.00  ,  9.77  ,  0.16  ,  162.76
526  ,  2.00  ,  9.77  ,  0.16  ,  162.76
526  ,  2.00  ,  9.77  ,  0.16  ,  162.76
526  ,  2.00  ,  9.77  ,  0.16  ,  162.76
527  ,  3.00  ,  14.65  ,  0.24  ,  244.14
526  ,  2.00  ,  9.77  ,  0.16  ,  162.76
525  ,  1.00  ,  4.88  ,  0.08  ,  81.38
526  ,  2.00  ,  9.77  ,  0.16  ,  162.76
527  ,  3.00  ,  14.65  ,  0.24  ,  244.14
526  ,  2.00  ,  9.77  ,  0.16  ,  162.76
523  ,  -1.00  ,  -4.88  ,  -0.08  ,  -81.38
525  ,  1.00  ,  4.88  ,  0.08  ,  81.38
526  ,  2.00  ,  9.77  ,  0.16  ,  162.76
526  ,  2.00  ,  9.77  ,  0.16  ,  162.76
526  ,  2.00  ,  9.77  ,  0.16  ,  162.76
527  ,  3.00  ,  14.65  ,  0.24  ,  244.14
526  ,  2.00  ,  9.77  ,  0.16  ,  162.76
526  ,  2.00  ,  9.77  ,  0.16  ,  162.76
526  ,  2.00  ,  9.77  ,  0.16  ,  162.76
527  ,  3.00  ,  14.65  ,  0.24  ,  244.14
525  ,  1.00  ,  4.88  ,  0.08  ,  81.38
525  ,  1.00  ,  4.88  ,  0.08  ,  81.38
525  ,  1.00  ,  4.88  ,  0.08  ,  81.38
526  ,  2.00  ,  9.77  ,  0.16  ,  162.76
525  ,  1.00  ,  4.88  ,  0.08  ,  81.38
527  ,  3.00  ,  14.65  ,  0.24  ,  244.14
525  ,  1.00  ,  4.88  ,  0.08  ,  81.38
527  ,  3.00  ,  14.65  ,  0.24  ,  244.14
525  ,  1.00  ,  4.88  ,  0.08  ,  81.38
526  ,  2.00  ,  9.77  ,  0.16  ,  162.76
525  ,  1.00  ,  4.88  ,  0.08  ,  81.38
525  ,  1.00  ,  4.88  ,  0.08  ,  81.38
525  ,  1.00  ,  4.88  ,  0.08  ,  81.38
526  ,  2.00  ,  9.77  ,  0.16  ,  162.76
527  ,  3.00  ,  14.65  ,  0.24  ,  244.14
526  ,  2.00  ,  9.77  ,  0.16  ,  162.76
525  ,  1.00  ,  4.88  ,  0.08  ,  81.38
526  ,  2.00  ,  9.77  ,  0.16  ,  162.76
526  ,  2.00  ,  9.77  ,  0.16  ,  162.76
519  ,  -5.00  ,  -24.41  ,  -0.41  ,  -406.90
526  ,  2.00  ,  9.77  ,  0.16  ,  162.76
525  ,  1.00  ,  4.88  ,  0.08  ,  81.38
527  ,  3.00  ,  14.65  ,  0.24  ,  244.14
525  ,  1.00  ,  4.88  ,  0.08  ,  81.38
525  ,  1.00  ,  4.88  ,  0.08  ,  81.38
525  ,  1.00  ,  4.88  ,  0.08  ,  81.38
525  ,  1.00  ,  4.88  ,  0.08  ,  81.38
526  ,  2.00  ,  9.77  ,  0.16  ,  162.76
526  ,  2.00  ,  9.77  ,  0.16  ,  162.76
526  ,  2.00  ,  9.77  ,  0.16  ,  162.76
523  ,  -1.00  ,  -4.88  ,  -0.08  ,  -81.38
525  ,  1.00  ,  4.88  ,  0.08  ,  81.38
527  ,  3.00  ,  14.65  ,  0.24  ,  244.14
526  ,  2.00  ,  9.77  ,  0.16  ,  162.76
526  ,  2.00  ,  9.77  ,  0.16  ,  162.76
525  ,  1.00  ,  4.88  ,  0.08  ,  81.38
527  ,  3.00  ,  14.65  ,  0.24  ,  244.14
526  ,  2.00  ,  9.77  ,  0.16  ,  162.76
527  ,  3.00  ,  14.65  ,  0.24  ,  244.14
527  ,  3.00  ,  14.65  ,  0.24  ,  244.14
525  ,  1.00  ,  4.88  ,  0.08  ,  81.38
526  ,  2.00  ,  9.77  ,  0.16  ,  162.76
525  ,  1.00  ,  4.88  ,  0.08  ,  81.38
525  ,  1.00  ,  4.88  ,  0.08  ,  81.38
525  ,  1.00  ,  4.88  ,  0.08  ,  81.38
527  ,  3.00  ,  14.65  ,  0.24  ,  244.14
526  ,  2.00  ,  9.77  ,  0.16  ,  162.76
523  ,  -1.00  ,  -4.88  ,  -0.08  ,  -81.38
525  ,  1.00  ,  4.88  ,  0.08  ,  81.38
527  ,  3.00  ,  14.65  ,  0.24  ,  244.14
526  ,  2.00  ,  9.77  ,  0.16  ,  162.76
526  ,  2.00  ,  9.77  ,  0.16  ,  162.76
525  ,  1.00  ,  4.88  ,  0.08  ,  81.38
526  ,  2.00  ,  9.77  ,  0.16  ,  162.76
527  ,  3.00  ,  14.65  ,  0.24  ,  244.14
526  ,  2.00  ,  9.77  ,  0.16  ,  162.76
525  ,  1.00  ,  4.88  ,  0.08  ,  81.38
526  ,  2.00  ,  9.77  ,  0.16  ,  162.76
527  ,  3.00  ,  14.65  ,  0.24  ,  244.14
526  ,  2.00  ,  9.77  ,  0.16  ,  162.76
525  ,  1.00  ,  4.88  ,  0.08  ,  81.38
526  ,  2.00  ,  9.77  ,  0.16  ,  162.76
526  ,  2.00  ,  9.77  ,  0.16  ,  162.76
527  ,  3.00  ,  14.65  ,  0.24  ,  244.14
525  ,  1.00  ,  4.88  ,  0.08  ,  81.38
525  ,  1.00  ,  4.88  ,  0.08  ,  81.38
526  ,  2.00  ,  9.77  ,  0.16  ,  162.76
526  ,  2.00  ,  9.77  ,  0.16  ,  162.76
529  ,  5.00  ,  24.41  ,  0.41  ,  406.90
525  ,  1.00  ,  4.88  ,  0.08  ,  81.38
525  ,  1.00  ,  4.88  ,  0.08  ,  81.38
526  ,  2.00  ,  9.77  ,  0.16  ,  162.76
528  ,  4.00  ,  19.53  ,  0.33  ,  325.52
526  ,  2.00  ,  9.77  ,  0.16  ,  162.76
525  ,  1.00  ,  4.88  ,  0.08  ,  81.38
526  ,  2.00  ,  9.77  ,  0.16  ,  162.76
526  ,  2.00  ,  9.77  ,  0.16  ,  162.76
525  ,  1.00  ,  4.88  ,  0.08  ,  81.38
526  ,  2.00  ,  9.77  ,  0.16  ,  162.76
527  ,  3.00  ,  14.65  ,  0.24  ,  244.14
525  ,  1.00  ,  4.88  ,  0.08  ,  81.38
525  ,  1.00  ,  4.88  ,  0.08  ,  81.38
526  ,  2.00  ,  9.77  ,  0.16  ,  162.76
526  ,  2.00  ,  9.77  ,  0.16  ,  162.76
526  ,  2.00  ,  9.77  ,  0.16  ,  162.76
525  ,  1.00  ,  4.88  ,  0.08  ,  81.38
526  ,  2.00  ,  9.77  ,  0.16  ,  162.76
526  ,  2.00  ,  9.77  ,  0.16  ,  162.76
526  ,  2.00  ,  9.77  ,  0.16  ,  162.76
527  ,  3.00  ,  14.65  ,  0.24  ,  244.14
526  ,  2.00  ,  9.77  ,  0.16  ,  162.76
523  ,  -1.00  ,  -4.88  ,  -0.08  ,  -81.38
526  ,  2.00  ,  9.77  ,  0.16  ,  162.76
526  ,  2.00  ,  9.77  ,  0.16  ,  162.76
526  ,  2.00  ,  9.77  ,  0.16  ,  162.76
527  ,  3.00  ,  14.65  ,  0.24  ,  244.14
525  ,  1.00  ,  4.88  ,  0.08  ,  81.38
526  ,  2.00  ,  9.77  ,  0.16  ,  162.76
527  ,  3.00  ,  14.65  ,  0.24  ,  244.14
526  ,  2.00  ,  9.77  ,  0.16  ,  162.76
528  ,  4.00  ,  19.53  ,  0.33  ,  325.52
525  ,  1.00  ,  4.88  ,  0.08  ,  81.38
526  ,  2.00  ,  9.77  ,  0.16  ,  162.76
525  ,  1.00  ,  4.88  ,  0.08  ,  81.38
525  ,  1.00  ,  4.88  ,  0.08  ,  81.38
523  ,  -1.00  ,  -4.88  ,  -0.08  ,  -81.38
526  ,  2.00  ,  9.77  ,  0.16  ,  162.76
526  ,  2.00  ,  9.77  ,  0.16  ,  162.76
521  ,  -3.00  ,  -14.65  ,  -0.24  ,  -244.14
523  ,  -1.00  ,  -4.88  ,  -0.08  ,  -81.38
527  ,  3.00  ,  14.65  ,  0.24  ,  244.14
523  ,  -1.00  ,  -4.88  ,  -0.08  ,  -81.38
529  ,  5.00  ,  24.41  ,  0.41  ,  406.90
528  ,  4.00  ,  19.53  ,  0.33  ,  325.52
526  ,  2.00  ,  9.77  ,  0.16  ,  162.76
528  ,  4.00  ,  19.53  ,  0.33  ,  325.52
523  ,  -1.00  ,  -4.88  ,  -0.08  ,  -81.38
523  ,  -1.00  ,  -4.88  ,  -0.08  ,  -81.38
523  ,  -1.00  ,  -4.88  ,  -0.08  ,  -81.38
526  ,  2.00  ,  9.77  ,  0.16  ,  162.76
526  ,  2.00  ,  9.77  ,  0.16  ,  162.76
526  ,  2.00  ,  9.77  ,  0.16  ,  162.76
527  ,  3.00  ,  14.65  ,  0.24  ,  244.14
527  ,  3.00  ,  14.65  ,  0.24  ,  244.14
527  ,  3.00  ,  14.65  ,  0.24  ,  244.14
527  ,  3.00  ,  14.65  ,  0.24  ,  244.14
528  ,  4.00  ,  19.53  ,  0.33  ,  325.52
526  ,  2.00  ,  9.77  ,  0.16  ,  162.76
522  ,  -2.00  ,  -9.77  ,  -0.16  ,  -162.76
526  ,  2.00  ,  9.77  ,  0.16  ,  162.76
525  ,  1.00  ,  4.88  ,  0.08  ,  81.38
525  ,  1.00  ,  4.88  ,  0.08  ,  81.38
525  ,  1.00  ,  4.88  ,  0.08  ,  81.38
525  ,  1.00  ,  4.88  ,  0.08  ,  81.38
525  ,  1.00  ,  4.88  ,  0.08  ,  81.38
526  ,  2.00  ,  9.77  ,  0.16  ,  162.76
526  ,  2.00  ,  9.77  ,  0.16  ,  162.76
527  ,  3.00  ,  14.65  ,  0.24  ,  244.14
523  ,  -1.00  ,  -4.88  ,  -0.08  ,  -81.38
525  ,  1.00  ,  4.88  ,  0.08  ,  81.38
527  ,  3.00  ,  14.65  ,  0.24  ,  244.14
526  ,  2.00  ,  9.77  ,  0.16  ,  162.76
526  ,  2.00  ,  9.77  ,  0.16  ,  162.76
525  ,  1.00  ,  4.88  ,  0.08  ,  81.38
526  ,  2.00  ,  9.77  ,  0.16  ,  162.76
525  ,  1.00  ,  4.88  ,  0.08  ,  81.38
525  ,  1.00  ,  4.88  ,  0.08  ,  81.38
525  ,  1.00  ,  4.88  ,  0.08  ,  81.38
525  ,  1.00  ,  4.88  ,  0.08  ,  81.38
525  ,  1.00  ,  4.88  ,  0.08  ,  81.38
525  ,  1.00  ,  4.88  ,  0.08  ,  81.38
525  ,  1.00  ,  4.88  ,  0.08  ,  81.38
526  ,  2.00  ,  9.77  ,  0.16  ,  162.76
526  ,  2.00  ,  9.77  ,  0.16  ,  162.76
523  ,  -1.00  ,  -4.88  ,  -0.08  ,  -81.38
526  ,  2.00  ,  9.77  ,  0.16  ,  162.76
527  ,  3.00  ,  14.65  ,  0.24  ,  244.14
526  ,  2.00  ,  9.77  ,  0.16  ,  162.76
526  ,  2.00  ,  9.77  ,  0.16  ,  162.76
526  ,  2.00  ,  9.77  ,  0.16  ,  162.76
526  ,  2.00  ,  9.77  ,  0.16  ,  162.76
526  ,  2.00  ,  9.77  ,  0.16  ,  162.76
526  ,  2.00  ,  9.77  ,  0.16  ,  162.76
526  ,  2.00  ,  9.77  ,  0.16  ,  162.76
525  ,  1.00  ,  4.88  ,  0.08  ,  81.38
525  ,  1.00  ,  4.88  ,  0.08  ,  81.38
525  ,  1.00  ,  4.88  ,  0.08  ,  81.38
525  ,  1.00  ,  4.88  ,  0.08  ,  81.38
526  ,  2.00  ,  9.77  ,  0.16  ,  162.76
526  ,  2.00  ,  9.77  ,  0.16  ,  162.76
526  ,  2.00  ,  9.77  ,  0.16  ,  162.76
527  ,  3.00  ,  14.65  ,  0.24  ,  244.14
527  ,  3.00  ,  14.65  ,  0.24  ,  244.14
525  ,  1.00  ,  4.88  ,  0.08  ,  81.38
526  ,  2.00  ,  9.77  ,  0.16  ,  162.76
525  ,  1.00  ,  4.88  ,  0.08  ,  81.38
525  ,  1.00  ,  4.88  ,  0.08  ,  81.38
525  ,  1.00  ,  4.88  ,  0.08  ,  81.38
525  ,  1.00  ,  4.88  ,  0.08  ,  81.38
525  ,  1.00  ,  4.88  ,  0.08  ,  81.38
525  ,  1.00  ,  4.88  ,  0.08  ,  81.38
530  ,  6.00  ,  29.30  ,  0.49  ,  488.28
526  ,  2.00  ,  9.77  ,  0.16  ,  162.76
526  ,  2.00  ,  9.77  ,  0.16  ,  162.76
526  ,  2.00  ,  9.77  ,  0.16  ,  162.76
527  ,  3.00  ,  14.65  ,  0.24  ,  244.14
525  ,  1.00  ,  4.88  ,  0.08  ,  81.38
527  ,  3.00  ,  14.65  ,  0.24  ,  244.14
525  ,  1.00  ,  4.88  ,  0.08  ,  81.38
526  ,  2.00  ,  9.77  ,  0.16  ,  162.76
526  ,  2.00  ,  9.77  ,  0.16  ,  162.76
527  ,  3.00  ,  14.65  ,  0.24  ,  244.14
525  ,  1.00  ,  4.88  ,  0.08  ,  81.38
525  ,  1.00  ,  4.88  ,  0.08  ,  81.38
526  ,  2.00  ,  9.77  ,  0.16  ,  162.76
525  ,  1.00  ,  4.88  ,  0.08  ,  81.38
526  ,  2.00  ,  9.77  ,  0.16  ,  162.76
527  ,  3.00  ,  14.65  ,  0.24  ,  244.14
526  ,  2.00  ,  9.77  ,  0.16  ,  162.76
527  ,  3.00  ,  14.65  ,  0.24  ,  244.14
526  ,  2.00  ,  9.77  ,  0.16  ,  162.76
525  ,  1.00  ,  4.88  ,  0.08  ,  81.38
527  ,  3.00  ,  14.65  ,  0.24  ,  244.14
527  ,  3.00  ,  14.65  ,  0.24  ,  244.14
527  ,  3.00  ,  14.65  ,  0.24  ,  244.14
527  ,  3.00  ,  14.65  ,  0.24  ,  244.14
527  ,  3.00  ,  14.65  ,  0.24  ,  244.14
525  ,  1.00  ,  4.88  ,  0.08  ,  81.38
525  ,  1.00  ,  4.88  ,  0.08  ,  81.38
526  ,  2.00  ,  9.77  ,  0.16  ,  162.76
525  ,  1.00  ,  4.88  ,  0.08  ,  81.38
526  ,  2.00  ,  9.77  ,  0.16  ,  162.76
526  ,  2.00  ,  9.77  ,  0.16  ,  162.76
526  ,  2.00  ,  9.77  ,  0.16  ,  162.76
527  ,  3.00  ,  14.65  ,  0.24  ,  244.14
526  ,  2.00  ,  9.77  ,  0.16  ,  162.76
526  ,  2.00  ,  9.77  ,  0.16  ,  162.76
526  ,  2.00  ,  9.77  ,  0.16  ,  162.76
525  ,  1.00  ,  4.88  ,  0.08  ,  81.38
525  ,  1.00  ,  4.88  ,  0.08  ,  81.38
526  ,  2.00  ,  9.77  ,  0.16  ,  162.76
527  ,  3.00  ,  14.65  ,  0.24  ,  244.14
525  ,  1.00  ,  4.88  ,  0.08  ,  81.38
526  ,  2.00  ,  9.77  ,  0.16  ,  162.76
526  ,  2.00  ,  9.77  ,  0.16  ,  162.76
526  ,  2.00  ,  9.77  ,  0.16  ,  162.76
525  ,  1.00  ,  4.88  ,  0.08  ,  81.38
527  ,  3.00  ,  14.65  ,  0.24  ,  244.14
526  ,  2.00  ,  9.77  ,  0.16  ,  162.76
525  ,  1.00  ,  4.88  ,  0.08  ,  81.38
527  ,  3.00  ,  14.65  ,  0.24  ,  244.14
528  ,  4.00  ,  19.53  ,  0.33  ,  325.52
526  ,  2.00  ,  9.77  ,  0.16  ,  162.76
527  ,  3.00  ,  14.65  ,  0.24  ,  244.14
527  ,  3.00  ,  14.65  ,  0.24  ,  244.14
526  ,  2.00  ,  9.77  ,  0.16  ,  162.76
525  ,  1.00  ,  4.88  ,  0.08  ,  81.38
526  ,  2.00  ,  9.77  ,  0.16  ,  162.76
526  ,  2.00  ,  9.77  ,  0.16  ,  162.76
526  ,  2.00  ,  9.77  ,  0.16  ,  162.76
525  ,  1.00  ,  4.88  ,  0.08  ,  81.38
525  ,  1.00  ,  4.88  ,  0.08  ,  81.38
526  ,  2.00  ,  9.77  ,  0.16  ,  162.76
526  ,  2.00  ,  9.77  ,  0.16  ,  162.76
525  ,  1.00  ,  4.88  ,  0.08  ,  81.38
526  ,  2.00  ,  9.77  ,  0.16  ,  162.76
525  ,  1.00  ,  4.88  ,  0.08  ,  81.38
527  ,  3.00  ,  14.65  ,  0.24  ,  244.14
526  ,  2.00  ,  9.77  ,  0.16  ,  162.76
526  ,  2.00  ,  9.77  ,  0.16  ,  162.76
526  ,  2.00  ,  9.77  ,  0.16  ,  162.76
526  ,  2.00  ,  9.77  ,  0.16  ,  162.76
529  ,  5.00  ,  24.41  ,  0.41  ,  406.90
525  ,  1.00  ,  4.88  ,  0.08  ,  81.38
526  ,  2.00  ,  9.77  ,  0.16  ,  162.76
525  ,  1.00  ,  4.88  ,  0.08  ,  81.38
525  ,  1.00  ,  4.88  ,  0.08  ,  81.38
526  ,  2.00  ,  9.77  ,  0.16  ,  162.76
526  ,  2.00  ,  9.77  ,  0.16  ,  162.76
527  ,  3.00  ,  14.65  ,  0.24  ,  244.14
525  ,  1.00  ,  4.88  ,  0.08  ,  81.38
527  ,  3.00  ,  14.65  ,  0.24  ,  244.14
527  ,  3.00  ,  14.65  ,  0.24  ,  244.14
526  ,  2.00  ,  9.77  ,  0.16  ,  162.76
527  ,  3.00  ,  14.65  ,  0.24  ,  244.14
526  ,  2.00  ,  9.77  ,  0.16  ,  162.76
525  ,  1.00  ,  4.88  ,  0.08  ,  81.38
525  ,  1.00  ,  4.88  ,  0.08  ,  81.38
525  ,  1.00  ,  4.88  ,  0.08  ,  81.38
526  ,  2.00  ,  9.77  ,  0.16  ,  162.76
525  ,  1.00  ,  4.88  ,  0.08  ,  81.38
525  ,  1.00  ,  4.88  ,  0.08  ,  81.38
525  ,  1.00  ,  4.88  ,  0.08  ,  81.38
527  ,  3.00  ,  14.65  ,  0.24  ,  244.14
526  ,  2.00  ,  9.77  ,  0.16  ,  162.76
526  ,  2.00  ,  9.77  ,  0.16  ,  162.76
527  ,  3.00  ,  14.65  ,  0.24  ,  244.14
527  ,  3.00  ,  14.65  ,  0.24  ,  244.14
525  ,  1.00  ,  4.88  ,  0.08  ,  81.38
525  ,  1.00  ,  4.88  ,  0.08  ,  81.38
525  ,  1.00  ,  4.88  ,  0.08  ,  81.38
525  ,  1.00  ,  4.88  ,  0.08  ,  81.38
525  ,  1.00  ,  4.88  ,  0.08  ,  81.38
525  ,  1.00  ,  4.88  ,  0.08  ,  81.38
525  ,  1.00  ,  4.88  ,  0.08  ,  81.38
526  ,  2.00  ,  9.77  ,  0.16  ,  162.76
526  ,  2.00  ,  9.77  ,  0.16  ,  162.76
526  ,  2.00  ,  9.77  ,  0.16  ,  162.76
525  ,  1.00  ,  4.88  ,  0.08  ,  81.38
526  ,  2.00  ,  9.77  ,  0.16  ,  162.76
527  ,  3.00  ,  14.65  ,  0.24  ,  244.14
527  ,  3.00  ,  14.65  ,  0.24  ,  244.14
525  ,  1.00  ,  4.88  ,  0.08  ,  81.38
526  ,  2.00  ,  9.77  ,  0.16  ,  162.76
525  ,  1.00  ,  4.88  ,  0.08  ,  81.38
526  ,  2.00  ,  9.77  ,  0.16  ,  162.76
525  ,  1.00  ,  4.88  ,  0.08  ,  81.38
526  ,  2.00  ,  9.77  ,  0.16  ,  162.76
526  ,  2.00  ,  9.77  ,  0.16  ,  162.76
525  ,  1.00  ,  4.88  ,  0.08  ,  81.38
526  ,  2.00  ,  9.77  ,  0.16  ,  162.76
528  ,  4.00  ,  19.53  ,  0.33  ,  325.52
525  ,  1.00  ,  4.88  ,  0.08  ,  81.38
525  ,  1.00  ,  4.88  ,  0.08  ,  81.38
527  ,  3.00  ,  14.65  ,  0.24  ,  244.14
525  ,  1.00  ,  4.88  ,  0.08  ,  81.38
526  ,  2.00  ,  9.77  ,  0.16  ,  162.76
526  ,  2.00  ,  9.77  ,  0.16  ,  162.76
526  ,  2.00  ,  9.77  ,  0.16  ,  162.76
525  ,  1.00  ,  4.88  ,  0.08  ,  81.38
526  ,  2.00  ,  9.77  ,  0.16  ,  162.76
525  ,  1.00  ,  4.88  ,  0.08  ,  81.38
526  ,  2.00  ,  9.77  ,  0.16  ,  162.76
528  ,  4.00  ,  19.53  ,  0.33  ,  325.52
526  ,  2.00  ,  9.77  ,  0.16  ,  162.76
526  ,  2.00  ,  9.77  ,  0.16  ,  162.76
527  ,  3.00  ,  14.65  ,  0.24  ,  244.14
523  ,  -1.00  ,  -4.88  ,  -0.08  ,  -81.38
527  ,  3.00  ,  14.65  ,  0.24  ,  244.14
527  ,  3.00  ,  14.65  ,  0.24  ,  244.14
525  ,  1.00  ,  4.88  ,  0.08  ,  81.38
525  ,  1.00  ,  4.88  ,  0.08  ,  81.38
527  ,  3.00  ,  14.65  ,  0.24  ,  244.14
525  ,  1.00  ,  4.88  ,  0.08  ,  81.38
525  ,  1.00  ,  4.88  ,  0.08  ,  81.38
527  ,  3.00  ,  14.65  ,  0.24  ,  244.14
526  ,  2.00  ,  9.77  ,  0.16  ,  162.76
526  ,  2.00  ,  9.77  ,  0.16  ,  162.76
526  ,  2.00  ,  9.77  ,  0.16  ,  162.76
526  ,  2.00  ,  9.77  ,  0.16  ,  162.76
525  ,  1.00  ,  4.88  ,  0.08  ,  81.38
527  ,  3.00  ,  14.65  ,  0.24  ,  244.14
526  ,  2.00  ,  9.77  ,  0.16  ,  162.76
525  ,  1.00  ,  4.88  ,  0.08  ,  81.38
525  ,  1.00  ,  4.88  ,  0.08  ,  81.38
527  ,  3.00  ,  14.65  ,  0.24  ,  244.14
523  ,  -1.00  ,  -4.88  ,  -0.08  ,  -81.38
526  ,  2.00  ,  9.77  ,  0.16  ,  162.76
527  ,  3.00  ,  14.65  ,  0.24  ,  244.14
531  ,  7.00  ,  34.18  ,  0.57  ,  569.66
526  ,  2.00  ,  9.77  ,  0.16  ,  162.76
526  ,  2.00  ,  9.77  ,  0.16  ,  162.76
526  ,  2.00  ,  9.77  ,  0.16  ,  162.76
525  ,  1.00  ,  4.88  ,  0.08  ,  81.38
526  ,  2.00  ,  9.77  ,  0.16  ,  162.76
527  ,  3.00  ,  14.65  ,  0.24  ,  244.14
526  ,  2.00  ,  9.77  ,  0.16  ,  162.76
526  ,  2.00  ,  9.77  ,  0.16  ,  162.76
526  ,  2.00  ,  9.77  ,  0.16  ,  162.76
525  ,  1.00  ,  4.88  ,  0.08  ,  81.38
525  ,  1.00  ,  4.88  ,  0.08  ,  81.38
526  ,  2.00  ,  9.77  ,  0.16  ,  162.76
525  ,  1.00  ,  4.88  ,  0.08  ,  81.38
526  ,  2.00  ,  9.77  ,  0.16  ,  162.76
527  ,  3.00  ,  14.65  ,  0.24  ,  244.14
526  ,  2.00  ,  9.77  ,  0.16  ,  162.76
525  ,  1.00  ,  4.88  ,  0.08  ,  81.38
526  ,  2.00  ,  9.77  ,  0.16  ,  162.76
526  ,  2.00  ,  9.77  ,  0.16  ,  162.76
527  ,  3.00  ,  14.65  ,  0.24  ,  244.14
526  ,  2.00  ,  9.77  ,  0.16  ,  162.76
525  ,  1.00  ,  4.88  ,  0.08  ,  81.38
526  ,  2.00  ,  9.77  ,  0.16  ,  162.76
526  ,  2.00  ,  9.77  ,  0.16  ,  162.76
523  ,  -1.00  ,  -4.88  ,  -0.08  ,  -81.38
527  ,  3.00  ,  14.65  ,  0.24  ,  244.14
526  ,  2.00  ,  9.77  ,  0.16  ,  162.76
525  ,  1.00  ,  4.88  ,  0.08  ,  81.38
527  ,  3.00  ,  14.65  ,  0.24  ,  244.14
525  ,  1.00  ,  4.88  ,  0.08  ,  81.38
523  ,  -1.00  ,  -4.88  ,  -0.08  ,  -81.38
527  ,  3.00  ,  14.65  ,  0.24  ,  244.14
526  ,  2.00  ,  9.77  ,  0.16  ,  162.76
525  ,  1.00  ,  4.88  ,  0.08  ,  81.38
525  ,  1.00  ,  4.88  ,  0.08  ,  81.38
526  ,  2.00  ,  9.77  ,  0.16  ,  162.76
523  ,  -1.00  ,  -4.88  ,  -0.08  ,  -81.38
527  ,  3.00  ,  14.65  ,  0.24  ,  244.14
525  ,  1.00  ,  4.88  ,  0.08  ,  81.38
525  ,  1.00  ,  4.88  ,  0.08  ,  81.38
526  ,  2.00  ,  9.77  ,  0.16  ,  162.76
526  ,  2.00  ,  9.77  ,  0.16  ,  162.76
525  ,  1.00  ,  4.88  ,  0.08  ,  81.38
532  ,  8.00  ,  39.06  ,  0.65  ,  651.04
527  ,  3.00  ,  14.65  ,  0.24  ,  244.14
523  ,  -1.00  ,  -4.88  ,  -0.08  ,  -81.38
527  ,  3.00  ,  14.65  ,  0.24  ,  244.14
526  ,  2.00  ,  9.77  ,  0.16  ,  162.76
525  ,  1.00  ,  4.88  ,  0.08  ,  81.38
526  ,  2.00  ,  9.77  ,  0.16  ,  162.76
526  ,  2.00  ,  9.77  ,  0.16  ,  162.76
529  ,  5.00  ,  24.41  ,  0.41  ,  406.90
527  ,  3.00  ,  14.65  ,  0.24  ,  244.14
521  ,  -3.00  ,  -14.65  ,  -0.24  ,  -244.14
525  ,  1.00  ,  4.88  ,  0.08  ,  81.38
526  ,  2.00  ,  9.77  ,  0.16  ,  162.76
525  ,  1.00  ,  4.88  ,  0.08  ,  81.38
525  ,  1.00  ,  4.88  ,  0.08  ,  81.38
527  ,  3.00  ,  14.65  ,  0.24  ,  244.14
525  ,  1.00  ,  4.88  ,  0.08  ,  81.38
526  ,  2.00  ,  9.77  ,  0.16  ,  162.76
527  ,  3.00  ,  14.65  ,  0.24  ,  244.14
525  ,  1.00  ,  4.88  ,  0.08  ,  81.38
523  ,  -1.00  ,  -4.88  ,  -0.08  ,  -81.38
529  ,  5.00  ,  24.41  ,  0.41  ,  406.90
525  ,  1.00  ,  4.88  ,  0.08  ,  81.38
526  ,  2.00  ,  9.77  ,  0.16  ,  162.76
526  ,  2.00  ,  9.77  ,  0.16  ,  162.76
526  ,  2.00  ,  9.77  ,  0.16  ,  162.76
525  ,  1.00  ,  4.88  ,  0.08  ,  81.38
526  ,  2.00  ,  9.77  ,  0.16  ,  162.76
527  ,  3.00  ,  14.65  ,  0.24  ,  244.14
525  ,  1.00  ,  4.88  ,  0.08  ,  81.38
526  ,  2.00  ,  9.77  ,  0.16  ,  162.76
528  ,  4.00  ,  19.53  ,  0.33  ,  325.52
525  ,  1.00  ,  4.88  ,  0.08  ,  81.38
525  ,  1.00  ,  4.88  ,  0.08  ,  81.38
527  ,  3.00  ,  14.65  ,  0.24  ,  244.14
526  ,  2.00  ,  9.77  ,  0.16  ,  162.76
526  ,  2.00  ,  9.77  ,  0.16  ,  162.76
527  ,  3.00  ,  14.65  ,  0.24  ,  244.14
525  ,  1.00  ,  4.88  ,  0.08  ,  81.38
526  ,  2.00  ,  9.77  ,  0.16  ,  162.76
527  ,  3.00  ,  14.65  ,  0.24  ,  244.14
523  ,  -1.00  ,  -4.88  ,  -0.08  ,  -81.38
525  ,  1.00  ,  4.88  ,  0.08  ,  81.38
526  ,  2.00  ,  9.77  ,  0.16  ,  162.76
526  ,  2.00  ,  9.77  ,  0.16  ,  162.76
525  ,  1.00  ,  4.88  ,  0.08  ,  81.38
526  ,  2.00  ,  9.77  ,  0.16  ,  162.76
525  ,  1.00  ,  4.88  ,  0.08  ,  81.38
525  ,  1.00  ,  4.88  ,  0.08  ,  81.38
527  ,  3.00  ,  14.65  ,  0.24  ,  244.14
527  ,  3.00  ,  14.65  ,  0.24  ,  244.14
525  ,  1.00  ,  4.88  ,  0.08  ,  81.38
527  ,  3.00  ,  14.65  ,  0.24  ,  244.14
526  ,  2.00  ,  9.77  ,  0.16  ,  162.76
525  ,  1.00  ,  4.88  ,  0.08  ,  81.38
527  ,  3.00  ,  14.65  ,  0.24  ,  244.14
526  ,  2.00  ,  9.77  ,  0.16  ,  162.76
525  ,  1.00  ,  4.88  ,  0.08  ,  81.38
526  ,  2.00  ,  9.77  ,  0.16  ,  162.76
526  ,  2.00  ,  9.77  ,  0.16  ,  162.76
525  ,  1.00  ,  4.88  ,  0.08  ,  81.38
527  ,  3.00  ,  14.65  ,  0.24  ,  244.14
527  ,  3.00  ,  14.65  ,  0.24  ,  244.14
526  ,  2.00  ,  9.77  ,  0.16  ,  162.76
526  ,  2.00  ,  9.77  ,  0.16  ,  162.76
525  ,  1.00  ,  4.88  ,  0.08  ,  81.38
525  ,  1.00  ,  4.88  ,  0.08  ,  81.38
527  ,  3.00  ,  14.65  ,  0.24  ,  244.14
526  ,  2.00  ,  9.77  ,  0.16  ,  162.76
525  ,  1.00  ,  4.88  ,  0.08  ,  81.38
527  ,  3.00  ,  14.65  ,  0.24  ,  244.14
526  ,  2.00  ,  9.77  ,  0.16  ,  162.76
527  ,  3.00  ,  14.65  ,  0.24  ,  244.14
525  ,  1.00  ,  4.88  ,  0.08  ,  81.38
525  ,  1.00  ,  4.88  ,  0.08  ,  81.38
527  ,  3.00  ,  14.65  ,  0.24  ,  244.14
525  ,  1.00  ,  4.88  ,  0.08  ,  81.38
526  ,  2.00  ,  9.77  ,  0.16  ,  162.76
526  ,  2.00  ,  9.77  ,  0.16  ,  162.76
526  ,  2.00  ,  9.77  ,  0.16  ,  162.76
527  ,  3.00  ,  14.65  ,  0.24  ,  244.14
526  ,  2.00  ,  9.77  ,  0.16  ,  162.76
523  ,  -1.00  ,  -4.88  ,  -0.08  ,  -81.38
526  ,  2.00  ,  9.77  ,  0.16  ,  162.76
526  ,  2.00  ,  9.77  ,  0.16  ,  162.76
525  ,  1.00  ,  4.88  ,  0.08  ,  81.38
525  ,  1.00  ,  4.88  ,  0.08  ,  81.38
526  ,  2.00  ,  9.77  ,  0.16  ,  162.76
525  ,  1.00  ,  4.88  ,  0.08  ,  81.38
532  ,  8.00  ,  39.06  ,  0.65  ,  651.04
525  ,  1.00  ,  4.88  ,  0.08  ,  81.38
523  ,  -1.00  ,  -4.88  ,  -0.08  ,  -81.38
525  ,  1.00  ,  4.88  ,  0.08  ,  81.38
526  ,  2.00  ,  9.77  ,  0.16  ,  162.76
526  ,  2.00  ,  9.77  ,  0.16  ,  162.76
531  ,  7.00  ,  34.18  ,  0.57  ,  569.66
526  ,  2.00  ,  9.77  ,  0.16  ,  162.76
525  ,  1.00  ,  4.88  ,  0.08  ,  81.38
526  ,  2.00  ,  9.77  ,  0.16  ,  162.76
526  ,  2.00  ,  9.77  ,  0.16  ,  162.76
525  ,  1.00  ,  4.88  ,  0.08  ,  81.38
527  ,  3.00  ,  14.65  ,  0.24  ,  244.14
526  ,  2.00  ,  9.77  ,  0.16  ,  162.76
520  ,  -4.00  ,  -19.53  ,  -0.33  ,  -325.52
527  ,  3.00  ,  14.65  ,  0.24  ,  244.14
526  ,  2.00  ,  9.77  ,  0.16  ,  162.76
525  ,  1.00  ,  4.88  ,  0.08  ,  81.38
526  ,  2.00  ,  9.77  ,  0.16  ,  162.76
526  ,  2.00  ,  9.77  ,  0.16  ,  162.76
525  ,  1.00  ,  4.88  ,  0.08  ,  81.38
526  ,  2.00  ,  9.77  ,  0.16  ,  162.76
526  ,  2.00  ,  9.77  ,  0.16  ,  162.76
525  ,  1.00  ,  4.88  ,  0.08  ,  81.38
526  ,  2.00  ,  9.77  ,  0.16  ,  162.76
525  ,  1.00  ,  4.88  ,  0.08  ,  81.38
525  ,  1.00  ,  4.88  ,  0.08  ,  81.38
528  ,  4.00  ,  19.53  ,  0.33  ,  325.52
525  ,  1.00  ,  4.88  ,  0.08  ,  81.38
525  ,  1.00  ,  4.88  ,  0.08  ,  81.38
527  ,  3.00  ,  14.65  ,  0.24  ,  244.14
525  ,  1.00  ,  4.88  ,  0.08  ,  81.38
525  ,  1.00  ,  4.88  ,  0.08  ,  81.38
527  ,  3.00  ,  14.65  ,  0.24  ,  244.14
525  ,  1.00  ,  4.88  ,  0.08  ,  81.38
526  ,  2.00  ,  9.77  ,  0.16  ,  162.76
526  ,  2.00  ,  9.77  ,  0.16  ,  162.76
525  ,  1.00  ,  4.88  ,  0.08  ,  81.38
527  ,  3.00  ,  14.65  ,  0.24  ,  244.14
526  ,  2.00  ,  9.77  ,  0.16  ,  162.76
523  ,  -1.00  ,  -4.88  ,  -0.08  ,  -81.38
526  ,  2.00  ,  9.77  ,  0.16  ,  162.76
527  ,  3.00  ,  14.65  ,  0.24  ,  244.14
526  ,  2.00  ,  9.77  ,  0.16  ,  162.76
526  ,  2.00  ,  9.77  ,  0.16  ,  162.76
526  ,  2.00  ,  9.77  ,  0.16  ,  162.76
525  ,  1.00  ,  4.88  ,  0.08  ,  81.38
526  ,  2.00  ,  9.77  ,  0.16  ,  162.76
525  ,  1.00  ,  4.88  ,  0.08  ,  81.38
525  ,  1.00  ,  4.88  ,  0.08  ,  81.38
527  ,  3.00  ,  14.65  ,  0.24  ,  244.14
526  ,  2.00  ,  9.77  ,  0.16  ,  162.76
526  ,  2.00  ,  9.77  ,  0.16  ,  162.76
527  ,  3.00  ,  14.65  ,  0.24  ,  244.14
526  ,  2.00  ,  9.77  ,  0.16  ,  162.76
525  ,  1.00  ,  4.88  ,  0.08  ,  81.38
526  ,  2.00  ,  9.77  ,  0.16  ,  162.76
521  ,  -3.00  ,  -14.65  ,  -0.24  ,  -244.14
523  ,  -1.00  ,  -4.88  ,  -0.08  ,  -81.38
525  ,  1.00  ,  4.88  ,  0.08  ,  81.38
525  ,  1.00  ,  4.88  ,  0.08  ,  81.38
525  ,  1.00  ,  4.88  ,  0.08  ,  81.38
527  ,  3.00  ,  14.65  ,  0.24  ,  244.14
523  ,  -1.00  ,  -4.88  ,  -0.08  ,  -81.38
525  ,  1.00  ,  4.88  ,  0.08  ,  81.38
526  ,  2.00  ,  9.77  ,  0.16  ,  162.76
521  ,  -3.00  ,  -14.65  ,  -0.24  ,  -244.14
525  ,  1.00  ,  4.88  ,  0.08  ,  81.38
527  ,  3.00  ,  14.65  ,  0.24  ,  244.14
525  ,  1.00  ,  4.88  ,  0.08  ,  81.38
526  ,  2.00  ,  9.77  ,  0.16  ,  162.76
527  ,  3.00  ,  14.65  ,  0.24  ,  244.14
525  ,  1.00  ,  4.88  ,  0.08  ,  81.38
525  ,  1.00  ,  4.88  ,  0.08  ,  81.38
527  ,  3.00  ,  14.65  ,  0.24  ,  244.14
526  ,  2.00  ,  9.77  ,  0.16  ,  162.76
526  ,  2.00  ,  9.77  ,  0.16  ,  162.76
526  ,  2.00  ,  9.77  ,  0.16  ,  162.76
523  ,  -1.00  ,  -4.88  ,  -0.08  ,  -81.38
527  ,  3.00  ,  14.65  ,  0.24  ,  244.14
525  ,  1.00  ,  4.88  ,  0.08  ,  81.38
525  ,  1.00  ,  4.88  ,  0.08  ,  81.38
526  ,  2.00  ,  9.77  ,  0.16  ,  162.76
526  ,  2.00  ,  9.77  ,  0.16  ,  162.76
528  ,  4.00  ,  19.53  ,  0.33  ,  325.52
526  ,  2.00  ,  9.77  ,  0.16  ,  162.76
521  ,  -3.00  ,  -14.65  ,  -0.24  ,  -244.14
525  ,  1.00  ,  4.88  ,  0.08  ,  81.38
526  ,  2.00  ,  9.77  ,  0.16  ,  162.76
526  ,  2.00  ,  9.77  ,  0.16  ,  162.76
523  ,  -1.00  ,  -4.88  ,  -0.08  ,  -81.38
526  ,  2.00  ,  9.77  ,  0.16  ,  162.76
526  ,  2.00  ,  9.77  ,  0.16  ,  162.76
525  ,  1.00  ,  4.88  ,  0.08  ,  81.38
526  ,  2.00  ,  9.77  ,  0.16  ,  162.76
526  ,  2.00  ,  9.77  ,  0.16  ,  162.76
523  ,  -1.00  ,  -4.88  ,  -0.08  ,  -81.38
526  ,  2.00  ,  9.77  ,  0.16  ,  162.76
523  ,  -1.00  ,  -4.88  ,  -0.08  ,  -81.38
526  ,  2.00  ,  9.77  ,  0.16  ,  162.76
526  ,  2.00  ,  9.77  ,  0.16  ,  162.76
525  ,  1.00  ,  4.88  ,  0.08  ,  81.38
526  ,  2.00  ,  9.77  ,  0.16  ,  162.76
526  ,  2.00  ,  9.77  ,  0.16  ,  162.76
525  ,  1.00  ,  4.88  ,  0.08  ,  81.38
525  ,  1.00  ,  4.88  ,  0.08  ,  81.38
527  ,  3.00  ,  14.65  ,  0.24  ,  244.14
527  ,  3.00  ,  14.65  ,  0.24  ,  244.14
527  ,  3.00  ,  14.65  ,  0.24  ,  244.14
527  ,  3.00  ,  14.65  ,  0.24  ,  244.14
527  ,  3.00  ,  14.65  ,  0.24  ,  244.14
526  ,  2.00  ,  9.77  ,  0.16  ,  162.76
526  ,  2.00  ,  9.77  ,  0.16  ,  162.76
526  ,  2.00  ,  9.77  ,  0.16  ,  162.76
523  ,  -1.00  ,  -4.88  ,  -0.08  ,  -81.38
525  ,  1.00  ,  4.88  ,  0.08  ,  81.38
526  ,  2.00  ,  9.77  ,  0.16  ,  162.76
523  ,  -1.00  ,  -4.88  ,  -0.08  ,  -81.38
527  ,  3.00  ,  14.65  ,  0.24  ,  244.14
525  ,  1.00  ,  4.88  ,  0.08  ,  81.38
525  ,  1.00  ,  4.88  ,  0.08  ,  81.38
521  ,  -3.00  ,  -14.65  ,  -0.24  ,  -244.14
526  ,  2.00  ,  9.77  ,  0.16  ,  162.76
523  ,  -1.00  ,  -4.88  ,  -0.08  ,  -81.38
526  ,  2.00  ,  9.77  ,  0.16  ,  162.76
525  ,  1.00  ,  4.88  ,  0.08  ,  81.38
526  ,  2.00  ,  9.77  ,  0.16  ,  162.76
527  ,  3.00  ,  14.65  ,  0.24  ,  244.14
525  ,  1.00  ,  4.88  ,  0.08  ,  81.38
526  ,  2.00  ,  9.77  ,  0.16  ,  162.76
525  ,  1.00  ,  4.88  ,  0.08  ,  81.38
525  ,  1.00  ,  4.88  ,  0.08  ,  81.38
525  ,  1.00  ,  4.88  ,  0.08  ,  81.38
525  ,  1.00  ,  4.88  ,  0.08  ,  81.38
527  ,  3.00  ,  14.65  ,  0.24  ,  244.14
527  ,  3.00  ,  14.65  ,  0.24  ,  244.14
525  ,  1.00  ,  4.88  ,  0.08  ,  81.38
525  ,  1.00  ,  4.88  ,  0.08  ,  81.38
527  ,  3.00  ,  14.65  ,  0.24  ,  244.14
527  ,  3.00  ,  14.65  ,  0.24  ,  244.14
525  ,  1.00  ,  4.88  ,  0.08  ,  81.38
527  ,  3.00  ,  14.65  ,  0.24  ,  244.14
526  ,  2.00  ,  9.77  ,  0.16  ,  162.76
526  ,  2.00  ,  9.77  ,  0.16  ,  162.76
527  ,  3.00  ,  14.65  ,  0.24  ,  244.14
525  ,  1.00  ,  4.88  ,  0.08  ,  81.38
525  ,  1.00  ,  4.88  ,  0.08  ,  81.38
529  ,  5.00  ,  24.41  ,  0.41  ,  406.90
527  ,  3.00  ,  14.65  ,  0.24  ,  244.14
526  ,  2.00  ,  9.77  ,  0.16  ,  162.76
525  ,  1.00  ,  4.88  ,  0.08  ,  81.38
526  ,  2.00  ,  9.77  ,  0.16  ,  162.76
527  ,  3.00  ,  14.65  ,  0.24  ,  244.14
526  ,  2.00  ,  9.77  ,  0.16  ,  162.76
526  ,  2.00  ,  9.77  ,  0.16  ,  162.76
526  ,  2.00  ,  9.77  ,  0.16  ,  162.76
526  ,  2.00  ,  9.77  ,  0.16  ,  162.76
525  ,  1.00  ,  4.88  ,  0.08  ,  81.38
525  ,  1.00  ,  4.88  ,  0.08  ,  81.38
526  ,  2.00  ,  9.77  ,  0.16  ,  162.76
525  ,  1.00  ,  4.88  ,  0.08  ,  81.38
525  ,  1.00  ,  4.88  ,  0.08  ,  81.38
525  ,  1.00  ,  4.88  ,  0.08  ,  81.38
525  ,  1.00  ,  4.88  ,  0.08  ,  81.38
526  ,  2.00  ,  9.77  ,  0.16  ,  162.76
526  ,  2.00  ,  9.77  ,  0.16  ,  162.76
527  ,  3.00  ,  14.65  ,  0.24  ,  244.14
526  ,  2.00  ,  9.77  ,  0.16  ,  162.76
526  ,  2.00  ,  9.77  ,  0.16  ,  162.76
525  ,  1.00  ,  4.88  ,  0.08  ,  81.38
525  ,  1.00  ,  4.88  ,  0.08  ,  81.38
526  ,  2.00  ,  9.77  ,  0.16  ,  162.76
525  ,  1.00  ,  4.88  ,  0.08  ,  81.38
525  ,  1.00  ,  4.88  ,  0.08  ,  81.38
525  ,  1.00  ,  4.88  ,  0.08  ,  81.38
525  ,  1.00  ,  4.88  ,  0.08  ,  81.38
527  ,  3.00  ,  14.65  ,  0.24  ,  244.14
526  ,  2.00  ,  9.77  ,  0.16  ,  162.76
526  ,  2.00  ,  9.77  ,  0.16  ,  162.76
526  ,  2.00  ,  9.77  ,  0.16  ,  162.76
526  ,  2.00  ,  9.77  ,  0.16  ,  162.76
526  ,  2.00  ,  9.77  ,  0.16  ,  162.76
526  ,  2.00  ,  9.77  ,  0.16  ,  162.76
527  ,  3.00  ,  14.65  ,  0.24  ,  244.14
525  ,  1.00  ,  4.88  ,  0.08  ,  81.38
526  ,  2.00  ,  9.77  ,  0.16  ,  162.76
525  ,  1.00  ,  4.88  ,  0.08  ,  81.38
526  ,  2.00  ,  9.77  ,  0.16  ,  162.76
525  ,  1.00  ,  4.88  ,  0.08  ,  81.38
525  ,  1.00  ,  4.88  ,  0.08  ,  81.38
526  ,  2.00  ,  9.77  ,  0.16  ,  162.76
526  ,  2.00  ,  9.77  ,  0.16  ,  162.76
527  ,  3.00  ,  14.65  ,  0.24  ,  244.14
527  ,  3.00  ,  14.65  ,  0.24  ,  244.14
526  ,  2.00  ,  9.77  ,  0.16  ,  162.76
526  ,  2.00  ,  9.77  ,  0.16  ,  162.76
526  ,  2.00  ,  9.77  ,  0.16  ,  162.76
528  ,  4.00  ,  19.53  ,  0.33  ,  325.52
525  ,  1.00  ,  4.88  ,  0.08  ,  81.38
525  ,  1.00  ,  4.88  ,  0.08  ,  81.38
526  ,  2.00  ,  9.77  ,  0.16  ,  162.76
526  ,  2.00  ,  9.77  ,  0.16  ,  162.76
526  ,  2.00  ,  9.77  ,  0.16  ,  162.76
526  ,  2.00  ,  9.77  ,  0.16  ,  162.76
527  ,  3.00  ,  14.65  ,  0.24  ,  244.14
526  ,  2.00  ,  9.77  ,  0.16  ,  162.76
526  ,  2.00  ,  9.77  ,  0.16  ,  162.76
525  ,  1.00  ,  4.88  ,  0.08  ,  81.38
526  ,  2.00  ,  9.77  ,  0.16  ,  162.76
525  ,  1.00  ,  4.88  ,  0.08  ,  81.38
523  ,  -1.00  ,  -4.88  ,  -0.08  ,  -81.38
526  ,  2.00  ,  9.77  ,  0.16  ,  162.76
527  ,  3.00  ,  14.65  ,  0.24  ,  244.14
526  ,  2.00  ,  9.77  ,  0.16  ,  162.76
526  ,  2.00  ,  9.77  ,  0.16  ,  162.76
525  ,  1.00  ,  4.88  ,  0.08  ,  81.38
526  ,  2.00  ,  9.77  ,  0.16  ,  162.76
526  ,  2.00  ,  9.77  ,  0.16  ,  162.76
526  ,  2.00  ,  9.77  ,  0.16  ,  162.76
525  ,  1.00  ,  4.88  ,  0.08  ,  81.38
526  ,  2.00  ,  9.77  ,  0.16  ,  162.76
527  ,  3.00  ,  14.65  ,  0.24  ,  244.14
527  ,  3.00  ,  14.65  ,  0.24  ,  244.14
526  ,  2.00  ,  9.77  ,  0.16  ,  162.76
525  ,  1.00  ,  4.88  ,  0.08  ,  81.38
526  ,  2.00  ,  9.77  ,  0.16  ,  162.76
525  ,  1.00  ,  4.88  ,  0.08  ,  81.38
519  ,  -5.00  ,  -24.41  ,  -0.41  ,  -406.90
526  ,  2.00  ,  9.77  ,  0.16  ,  162.76
527  ,  3.00  ,  14.65  ,  0.24  ,  244.14
527  ,  3.00  ,  14.65  ,  0.24  ,  244.14
525  ,  1.00  ,  4.88  ,  0.08  ,  81.38
526  ,  2.00  ,  9.77  ,  0.16  ,  162.76
525  ,  1.00  ,  4.88  ,  0.08  ,  81.38
526  ,  2.00  ,  9.77  ,  0.16  ,  162.76
526  ,  2.00  ,  9.77  ,  0.16  ,  162.76
526  ,  2.00  ,  9.77  ,  0.16  ,  162.76
526  ,  2.00  ,  9.77  ,  0.16  ,  162.76
526  ,  2.00  ,  9.77  ,  0.16  ,  162.76
525  ,  1.00  ,  4.88  ,  0.08  ,  81.38
527  ,  3.00  ,  14.65  ,  0.24  ,  244.14
522  ,  -2.00  ,  -9.77  ,  -0.16  ,  -162.76
525  ,  1.00  ,  4.88  ,  0.08  ,  81.38
526  ,  2.00  ,  9.77  ,  0.16  ,  162.76
525  ,  1.00  ,  4.88  ,  0.08  ,  81.38
526  ,  2.00  ,  9.77  ,  0.16  ,  162.76
526  ,  2.00  ,  9.77  ,  0.16  ,  162.76
526  ,  2.00  ,  9.77  ,  0.16  ,  162.76
526  ,  2.00  ,  9.77  ,  0.16  ,  162.76
525  ,  1.00  ,  4.88  ,  0.08  ,  81.38
527  ,  3.00  ,  14.65  ,  0.24  ,  244.14
523  ,  -1.00  ,  -4.88  ,  -0.08  ,  -81.38
525  ,  1.00  ,  4.88  ,  0.08  ,  81.38
525  ,  1.00  ,  4.88  ,  0.08  ,  81.38
525  ,  1.00  ,  4.88  ,  0.08  ,  81.38
526  ,  2.00  ,  9.77  ,  0.16  ,  162.76
523  ,  -1.00  ,  -4.88  ,  -0.08  ,  -81.38
526  ,  2.00  ,  9.77  ,  0.16  ,  162.76
526  ,  2.00  ,  9.77  ,  0.16  ,  162.76
525  ,  1.00  ,  4.88  ,  0.08  ,  81.38
527  ,  3.00  ,  14.65  ,  0.24  ,  244.14
526  ,  2.00  ,  9.77  ,  0.16  ,  162.76
525  ,  1.00  ,  4.88  ,  0.08  ,  81.38
528  ,  4.00  ,  19.53  ,  0.33  ,  325.52
526  ,  2.00  ,  9.77  ,  0.16  ,  162.76
521  ,  -3.00  ,  -14.65  ,  -0.24  ,  -244.14
526  ,  2.00  ,  9.77  ,  0.16  ,  162.76
525  ,  1.00  ,  4.88  ,  0.08  ,  81.38
525  ,  1.00  ,  4.88  ,  0.08  ,  81.38
526  ,  2.00  ,  9.77  ,  0.16  ,  162.76
527  ,  3.00  ,  14.65  ,  0.24  ,  244.14
525  ,  1.00  ,  4.88  ,  0.08  ,  81.38
526  ,  2.00  ,  9.77  ,  0.16  ,  162.76
526  ,  2.00  ,  9.77  ,  0.16  ,  162.76
526  ,  2.00  ,  9.77  ,  0.16  ,  162.76
526  ,  2.00  ,  9.77  ,  0.16  ,  162.76
527  ,  3.00  ,  14.65  ,  0.24  ,  244.14
523  ,  -1.00  ,  -4.88  ,  -0.08  ,  -81.38
525  ,  1.00  ,  4.88  ,  0.08  ,  81.38
526  ,  2.00  ,  9.77  ,  0.16  ,  162.76
525  ,  1.00  ,  4.88  ,  0.08  ,  81.38
526  ,  2.00  ,  9.77  ,  0.16  ,  162.76
525  ,  1.00  ,  4.88  ,  0.08  ,  81.38
525  ,  1.00  ,  4.88  ,  0.08  ,  81.38
526  ,  2.00  ,  9.77  ,  0.16  ,  162.76
526  ,  2.00  ,  9.77  ,  0.16  ,  162.76
525  ,  1.00  ,  4.88  ,  0.08  ,  81.38
525  ,  1.00  ,  4.88  ,  0.08  ,  81.38
525  ,  1.00  ,  4.88  ,  0.08  ,  81.38
525  ,  1.00  ,  4.88  ,  0.08  ,  81.38
527  ,  3.00  ,  14.65  ,  0.24  ,  244.14
526  ,  2.00  ,  9.77  ,  0.16  ,  162.76
526  ,  2.00  ,  9.77  ,  0.16  ,  162.76
525  ,  1.00  ,  4.88  ,  0.08  ,  81.38
520  ,  -4.00  ,  -19.53  ,  -0.33  ,  -325.52
526  ,  2.00  ,  9.77  ,  0.16  ,  162.76
526  ,  2.00  ,  9.77  ,  0.16  ,  162.76
526  ,  2.00  ,  9.77  ,  0.16  ,  162.76
525  ,  1.00  ,  4.88  ,  0.08  ,  81.38
525  ,  1.00  ,  4.88  ,  0.08  ,  81.38
526  ,  2.00  ,  9.77  ,  0.16  ,  162.76
525  ,  1.00  ,  4.88  ,  0.08  ,  81.38
526  ,  2.00  ,  9.77  ,  0.16  ,  162.76
527  ,  3.00  ,  14.65  ,  0.24  ,  244.14
526  ,  2.00  ,  9.77  ,  0.16  ,  162.76
526  ,  2.00  ,  9.77  ,  0.16  ,  162.76
526  ,  2.00  ,  9.77  ,  0.16  ,  162.76
526  ,  2.00  ,  9.77  ,  0.16  ,  162.76
526  ,  2.00  ,  9.77  ,  0.16  ,  162.76
526  ,  2.00  ,  9.77  ,  0.16  ,  162.76
523  ,  -1.00  ,  -4.88  ,  -0.08  ,  -81.38
526  ,  2.00  ,  9.77  ,  0.16  ,  162.76
526  ,  2.00  ,  9.77  ,  0.16  ,  162.76
528  ,  4.00  ,  19.53  ,  0.33  ,  325.52
525  ,  1.00  ,  4.88  ,  0.08  ,  81.38
525  ,  1.00  ,  4.88  ,  0.08  ,  81.38
525  ,  1.00  ,  4.88  ,  0.08  ,  81.38
526  ,  2.00  ,  9.77  ,  0.16  ,  162.76
526  ,  2.00  ,  9.77  ,  0.16  ,  162.76
526  ,  2.00  ,  9.77  ,  0.16  ,  162.76
527  ,  3.00  ,  14.65  ,  0.24  ,  244.14
526  ,  2.00  ,  9.77  ,  0.16  ,  162.76
525  ,  1.00  ,  4.88  ,  0.08  ,  81.38
525  ,  1.00  ,  4.88  ,  0.08  ,  81.38
523  ,  -1.00  ,  -4.88  ,  -0.08  ,  -81.38
526  ,  2.00  ,  9.77  ,  0.16  ,  162.76
525  ,  1.00  ,  4.88  ,  0.08  ,  81.38
526  ,  2.00  ,  9.77  ,  0.16  ,  162.76
527  ,  3.00  ,  14.65  ,  0.24  ,  244.14
526  ,  2.00  ,  9.77  ,  0.16  ,  162.76
527  ,  3.00  ,  14.65  ,  0.24  ,  244.14
526  ,  2.00  ,  9.77  ,  0.16  ,  162.76
525  ,  1.00  ,  4.88  ,  0.08  ,  81.38
526  ,  2.00  ,  9.77  ,  0.16  ,  162.76
527  ,  3.00  ,  14.65  ,  0.24  ,  244.14
525  ,  1.00  ,  4.88  ,  0.08  ,  81.38
525  ,  1.00  ,  4.88  ,  0.08  ,  81.38
527  ,  3.00  ,  14.65  ,  0.24  ,  244.14
526  ,  2.00  ,  9.77  ,  0.16  ,  162.76
525  ,  1.00  ,  4.88  ,  0.08  ,  81.38
527  ,  3.00  ,  14.65  ,  0.24  ,  244.14
525  ,  1.00  ,  4.88  ,  0.08  ,  81.38
525  ,  1.00  ,  4.88  ,  0.08  ,  81.38
527  ,  3.00  ,  14.65  ,  0.24  ,  244.14
525  ,  1.00  ,  4.88  ,  0.08  ,  81.38
525  ,  1.00  ,  4.88  ,  0.08  ,  81.38
526  ,  2.00  ,  9.77  ,  0.16  ,  162.76
525  ,  1.00  ,  4.88  ,  0.08  ,  81.38
529  ,  5.00  ,  24.41  ,  0.41  ,  406.90
526  ,  2.00  ,  9.77  ,  0.16  ,  162.76
525  ,  1.00  ,  4.88  ,  0.08  ,  81.38
526  ,  2.00  ,  9.77  ,  0.16  ,  162.76
527  ,  3.00  ,  14.65  ,  0.24  ,  244.14
525  ,  1.00  ,  4.88  ,  0.08  ,  81.38
523  ,  -1.00  ,  -4.88  ,  -0.08  ,  -81.38
525  ,  1.00  ,  4.88  ,  0.08  ,  81.38
526  ,  2.00  ,  9.77  ,  0.16  ,  162.76
528  ,  4.00  ,  19.53  ,  0.33  ,  325.52
526  ,  2.00  ,  9.77  ,  0.16  ,  162.76
523  ,  -1.00  ,  -4.88  ,  -0.08  ,  -81.38
523  ,  -1.00  ,  -4.88  ,  -0.08  ,  -81.38
530  ,  6.00  ,  29.30  ,  0.49  ,  488.28
527  ,  3.00  ,  14.65  ,  0.24  ,  244.14
525  ,  1.00  ,  4.88  ,  0.08  ,  81.38
523  ,  -1.00  ,  -4.88  ,  -0.08  ,  -81.38
527  ,  3.00  ,  14.65  ,  0.24  ,  244.14
525  ,  1.00  ,  4.88  ,  0.08  ,  81.38
525  ,  1.00  ,  4.88  ,  0.08  ,  81.38
525  ,  1.00  ,  4.88  ,  0.08  ,  81.38
526  ,  2.00  ,  9.77  ,  0.16  ,  162.76
523  ,  -1.00  ,  -4.88  ,  -0.08  ,  -81.38
525  ,  1.00  ,  4.88  ,  0.08  ,  81.38
527  ,  3.00  ,  14.65  ,  0.24  ,  244.14
526  ,  2.00  ,  9.77  ,  0.16  ,  162.76
526  ,  2.00  ,  9.77  ,  0.16  ,  162.76
526  ,  2.00  ,  9.77  ,  0.16  ,  162.76
526  ,  2.00  ,  9.77  ,  0.16  ,  162.76
525  ,  1.00  ,  4.88  ,  0.08  ,  81.38
529  ,  5.00  ,  24.41  ,  0.41  ,  406.90
526  ,  2.00  ,  9.77  ,  0.16  ,  162.76
525  ,  1.00  ,  4.88  ,  0.08  ,  81.38
526  ,  2.00  ,  9.77  ,  0.16  ,  162.76
525  ,  1.00  ,  4.88  ,  0.08  ,  81.38
527  ,  3.00  ,  14.65  ,  0.24  ,  244.14
526  ,  2.00  ,  9.77  ,  0.16  ,  162.76
525  ,  1.00  ,  4.88  ,  0.08  ,  81.38
528  ,  4.00  ,  19.53  ,  0.33  ,  325.52
527  ,  3.00  ,  14.65  ,  0.24  ,  244.14
527  ,  3.00  ,  14.65  ,  0.24  ,  244.14
526  ,  2.00  ,  9.77  ,  0.16  ,  162.76
523  ,  -1.00  ,  -4.88  ,  -0.08  ,  -81.38
526  ,  2.00  ,  9.77  ,  0.16  ,  162.76
526  ,  2.00  ,  9.77  ,  0.16  ,  162.76
527  ,  3.00  ,  14.65  ,  0.24  ,  244.14
526  ,  2.00  ,  9.77  ,  0.16  ,  162.76
526  ,  2.00  ,  9.77  ,  0.16  ,  162.76
526  ,  2.00  ,  9.77  ,  0.16  ,  162.76
528  ,  4.00  ,  19.53  ,  0.33  ,  325.52
526  ,  2.00  ,  9.77  ,  0.16  ,  162.76
527  ,  3.00  ,  14.65  ,  0.24  ,  244.14
525  ,  1.00  ,  4.88  ,  0.08  ,  81.38
525  ,  1.00  ,  4.88  ,  0.08  ,  81.38
527  ,  3.00  ,  14.65  ,  0.24  ,  244.14
526  ,  2.00  ,  9.77  ,  0.16  ,  162.76
526  ,  2.00  ,  9.77  ,  0.16  ,  162.76
525  ,  1.00  ,  4.88  ,  0.08  ,  81.38
527  ,  3.00  ,  14.65  ,  0.24  ,  244.14
526  ,  2.00  ,  9.77  ,  0.16  ,  162.76
526  ,  2.00  ,  9.77  ,  0.16  ,  162.76
526  ,  2.00  ,  9.77  ,  0.16  ,  162.76
523  ,  -1.00  ,  -4.88  ,  -0.08  ,  -81.38
527  ,  3.00  ,  14.65  ,  0.24  ,  244.14
527  ,  3.00  ,  14.65  ,  0.24  ,  244.14
526  ,  2.00  ,  9.77  ,  0.16  ,  162.76
526  ,  2.00  ,  9.77  ,  0.16  ,  162.76
527  ,  3.00  ,  14.65  ,  0.24  ,  244.14
525  ,  1.00  ,  4.88  ,  0.08  ,  81.38
526  ,  2.00  ,  9.77  ,  0.16  ,  162.76
527  ,  3.00  ,  14.65  ,  0.24  ,  244.14
527  ,  3.00  ,  14.65  ,  0.24  ,  244.14
525  ,  1.00  ,  4.88  ,  0.08  ,  81.38
525  ,  1.00  ,  4.88  ,  0.08  ,  81.38
527  ,  3.00  ,  14.65  ,  0.24  ,  244.14
527  ,  3.00  ,  14.65  ,  0.24  ,  244.14
523  ,  -1.00  ,  -4.88  ,  -0.08  ,  -81.38
527  ,  3.00  ,  14.65  ,  0.24  ,  244.14
523  ,  -1.00  ,  -4.88  ,  -0.08  ,  -81.38
525  ,  1.00  ,  4.88  ,  0.08  ,  81.38
525  ,  1.00  ,  4.88  ,  0.08  ,  81.38
525  ,  1.00  ,  4.88  ,  0.08  ,  81.38
525  ,  1.00  ,  4.88  ,  0.08  ,  81.38
526  ,  2.00  ,  9.77  ,  0.16  ,  162.76
525  ,  1.00  ,  4.88  ,  0.08  ,  81.38
525  ,  1.00  ,  4.88  ,  0.08  ,  81.38
527  ,  3.00  ,  14.65  ,  0.24  ,  244.14
527  ,  3.00  ,  14.65  ,  0.24  ,  244.14
526  ,  2.00  ,  9.77  ,  0.16  ,  162.76
526  ,  2.00  ,  9.77  ,  0.16  ,  162.76
526  ,  2.00  ,  9.77  ,  0.16  ,  162.76
526  ,  2.00  ,  9.77  ,  0.16  ,  162.76
527  ,  3.00  ,  14.65  ,  0.24  ,  244.14
526  ,  2.00  ,  9.77  ,  0.16  ,  162.76
526  ,  2.00  ,  9.77  ,  0.16  ,  162.76
529  ,  5.00  ,  24.41  ,  0.41  ,  406.90
526  ,  2.00  ,  9.77  ,  0.16  ,  162.76
526  ,  2.00  ,  9.77  ,  0.16  ,  162.76
526  ,  2.00  ,  9.77  ,  0.16  ,  162.76
526  ,  2.00  ,  9.77  ,  0.16  ,  162.76
528  ,  4.00  ,  19.53  ,  0.33  ,  325.52
526  ,  2.00  ,  9.77  ,  0.16  ,  162.76
526  ,  2.00  ,  9.77  ,  0.16  ,  162.76
525  ,  1.00  ,  4.88  ,  0.08  ,  81.38
525  ,  1.00  ,  4.88  ,  0.08  ,  81.38
526  ,  2.00  ,  9.77  ,  0.16  ,  162.76
525  ,  1.00  ,  4.88  ,  0.08  ,  81.38
525  ,  1.00  ,  4.88  ,  0.08  ,  81.38
526  ,  2.00  ,  9.77  ,  0.16  ,  162.76
526  ,  2.00  ,  9.77  ,  0.16  ,  162.76
521  ,  -3.00  ,  -14.65  ,  -0.24  ,  -244.14
527  ,  3.00  ,  14.65  ,  0.24  ,  244.14
525  ,  1.00  ,  4.88  ,  0.08  ,  81.38
526  ,  2.00  ,  9.77  ,  0.16  ,  162.76
527  ,  3.00  ,  14.65  ,  0.24  ,  244.14
526  ,  2.00  ,  9.77  ,  0.16  ,  162.76
526  ,  2.00  ,  9.77  ,  0.16  ,  162.76
526  ,  2.00  ,  9.77  ,  0.16  ,  162.76
525  ,  1.00  ,  4.88  ,  0.08  ,  81.38
522  ,  -2.00  ,  -9.77  ,  -0.16  ,  -162.76
526  ,  2.00  ,  9.77  ,  0.16  ,  162.76
525  ,  1.00  ,  4.88  ,  0.08  ,  81.38
526  ,  2.00  ,  9.77  ,  0.16  ,  162.76
526  ,  2.00  ,  9.77  ,  0.16  ,  162.76
527  ,  3.00  ,  14.65  ,  0.24  ,  244.14
525  ,  1.00  ,  4.88  ,  0.08  ,  81.38
527  ,  3.00  ,  14.65  ,  0.24  ,  244.14
525  ,  1.00  ,  4.88  ,  0.08  ,  81.38
523  ,  -1.00  ,  -4.88  ,  -0.08  ,  -81.38
527  ,  3.00  ,  14.65  ,  0.24  ,  244.14
526  ,  2.00  ,  9.77  ,  0.16  ,  162.76
525  ,  1.00  ,  4.88  ,  0.08  ,  81.38
526  ,  2.00  ,  9.77  ,  0.16  ,  162.76
523  ,  -1.00  ,  -4.88  ,  -0.08  ,  -81.38
530  ,  6.00  ,  29.30  ,  0.49  ,  488.28
526  ,  2.00  ,  9.77  ,  0.16  ,  162.76
525  ,  1.00  ,  4.88  ,  0.08  ,  81.38
526  ,  2.00  ,  9.77  ,  0.16  ,  162.76
526  ,  2.00  ,  9.77  ,  0.16  ,  162.76
526  ,  2.00  ,  9.77  ,  0.16  ,  162.76
526  ,  2.00  ,  9.77  ,  0.16  ,  162.76
527  ,  3.00  ,  14.65  ,  0.24  ,  244.14
526  ,  2.00  ,  9.77  ,  0.16  ,  162.76
525  ,  1.00  ,  4.88  ,  0.08  ,  81.38
525  ,  1.00  ,  4.88  ,  0.08  ,  81.38
523  ,  -1.00  ,  -4.88  ,  -0.08  ,  -81.38
523  ,  -1.00  ,  -4.88  ,  -0.08  ,  -81.38
521  ,  -3.00  ,  -14.65  ,  -0.24  ,  -244.14
521  ,  -3.00  ,  -14.65  ,  -0.24  ,  -244.14
521  ,  -3.00  ,  -14.65  ,  -0.24  ,  -244.14
523  ,  -1.00  ,  -4.88  ,  -0.08  ,  -81.38
527  ,  3.00  ,  14.65  ,  0.24  ,  244.14
526  ,  2.00  ,  9.77  ,  0.16  ,  162.76
526  ,  2.00  ,  9.77  ,  0.16  ,  162.76
527  ,  3.00  ,  14.65  ,  0.24  ,  244.14
525  ,  1.00  ,  4.88  ,  0.08  ,  81.38
526  ,  2.00  ,  9.77  ,  0.16  ,  162.76
526  ,  2.00  ,  9.77  ,  0.16  ,  162.76
525  ,  1.00  ,  4.88  ,  0.08  ,  81.38
526  ,  2.00  ,  9.77  ,  0.16  ,  162.76
525  ,  1.00  ,  4.88  ,  0.08  ,  81.38
526  ,  2.00  ,  9.77  ,  0.16  ,  162.76
526  ,  2.00  ,  9.77  ,  0.16  ,  162.76
525  ,  1.00  ,  4.88  ,  0.08  ,  81.38
525  ,  1.00  ,  4.88  ,  0.08  ,  81.38
526  ,  2.00  ,  9.77  ,  0.16  ,  162.76
527  ,  3.00  ,  14.65  ,  0.24  ,  244.14
526  ,  2.00  ,  9.77  ,  0.16  ,  162.76
526  ,  2.00  ,  9.77  ,  0.16  ,  162.76
526  ,  2.00  ,  9.77  ,  0.16  ,  162.76
526  ,  2.00  ,  9.77  ,  0.16  ,  162.76
528  ,  4.00  ,  19.53  ,  0.33  ,  325.52
527  ,  3.00  ,  14.65  ,  0.24  ,  244.14
526  ,  2.00  ,  9.77  ,  0.16  ,  162.76
523  ,  -1.00  ,  -4.88  ,  -0.08  ,  -81.38
525  ,  1.00  ,  4.88  ,  0.08  ,  81.38
526  ,  2.00  ,  9.77  ,  0.16  ,  162.76
525  ,  1.00  ,  4.88  ,  0.08  ,  81.38
526  ,  2.00  ,  9.77  ,  0.16  ,  162.76
525  ,  1.00  ,  4.88  ,  0.08  ,  81.38
526  ,  2.00  ,  9.77  ,  0.16  ,  162.76
526  ,  2.00  ,  9.77  ,  0.16  ,  162.76
525  ,  1.00  ,  4.88  ,  0.08  ,  81.38
526  ,  2.00  ,  9.77  ,  0.16  ,  162.76
526  ,  2.00  ,  9.77  ,  0.16  ,  162.76
526  ,  2.00  ,  9.77  ,  0.16  ,  162.76
526  ,  2.00  ,  9.77  ,  0.16  ,  162.76
527  ,  3.00  ,  14.65  ,  0.24  ,  244.14
526  ,  2.00  ,  9.77  ,  0.16  ,  162.76
530  ,  6.00  ,  29.30  ,  0.49  ,  488.28
525  ,  1.00  ,  4.88  ,  0.08  ,  81.38
526  ,  2.00  ,  9.77  ,  0.16  ,  162.76
525  ,  1.00  ,  4.88  ,  0.08  ,  81.38
526  ,  2.00  ,  9.77  ,  0.16  ,  162.76
525  ,  1.00  ,  4.88  ,  0.08  ,  81.38
525  ,  1.00  ,  4.88  ,  0.08  ,  81.38
527  ,  3.00  ,  14.65  ,  0.24  ,  244.14
527  ,  3.00  ,  14.65  ,  0.24  ,  244.14
525  ,  1.00  ,  4.88  ,  0.08  ,  81.38
525  ,  1.00  ,  4.88  ,  0.08  ,  81.38
527  ,  3.00  ,  14.65  ,  0.24  ,  244.14
525  ,  1.00  ,  4.88  ,  0.08  ,  81.38
525  ,  1.00  ,  4.88  ,  0.08  ,  81.38
527  ,  3.00  ,  14.65  ,  0.24  ,  244.14
525  ,  1.00  ,  4.88  ,  0.08  ,  81.38
525  ,  1.00  ,  4.88  ,  0.08  ,  81.38
526  ,  2.00  ,  9.77  ,  0.16  ,  162.76
526  ,  2.00  ,  9.77  ,  0.16  ,  162.76
525  ,  1.00  ,  4.88  ,  0.08  ,  81.38
527  ,  3.00  ,  14.65  ,  0.24  ,  244.14
526  ,  2.00  ,  9.77  ,  0.16  ,  162.76
525  ,  1.00  ,  4.88  ,  0.08  ,  81.38
527  ,  3.00  ,  14.65  ,  0.24  ,  244.14
521  ,  -3.00  ,  -14.65  ,  -0.24  ,  -244.14
521  ,  -3.00  ,  -14.65  ,  -0.24  ,  -244.14
527  ,  3.00  ,  14.65  ,  0.24  ,  244.14
520  ,  -4.00  ,  -19.53  ,  -0.33  ,  -325.52
520  ,  -4.00  ,  -19.53  ,  -0.33  ,  -325.52
521  ,  -3.00  ,  -14.65  ,  -0.24  ,  -244.14
526  ,  2.00  ,  9.77  ,  0.16  ,  162.76
527  ,  3.00  ,  14.65  ,  0.24  ,  244.14
525  ,  1.00  ,  4.88  ,  0.08  ,  81.38
526  ,  2.00  ,  9.77  ,  0.16  ,  162.76
525  ,  1.00  ,  4.88  ,  0.08  ,  81.38
523  ,  -1.00  ,  -4.88  ,  -0.08  ,  -81.38
526  ,  2.00  ,  9.77  ,  0.16  ,  162.76
525  ,  1.00  ,  4.88  ,  0.08  ,  81.38
525  ,  1.00  ,  4.88  ,  0.08  ,  81.38
525  ,  1.00  ,  4.88  ,  0.08  ,  81.38
525  ,  1.00  ,  4.88  ,  0.08  ,  81.38
526  ,  2.00  ,  9.77  ,  0.16  ,  162.76
530  ,  6.00  ,  29.30  ,  0.49  ,  488.28
523  ,  -1.00  ,  -4.88  ,  -0.08  ,  -81.38
525  ,  1.00  ,  4.88  ,  0.08  ,  81.38
523  ,  -1.00  ,  -4.88  ,  -0.08  ,  -81.38
526  ,  2.00  ,  9.77  ,  0.16  ,  162.76
526  ,  2.00  ,  9.77  ,  0.16  ,  162.76
526  ,  2.00  ,  9.77  ,  0.16  ,  162.76
527  ,  3.00  ,  14.65  ,  0.24  ,  244.14
526  ,  2.00  ,  9.77  ,  0.16  ,  162.76
522  ,  -2.00  ,  -9.77  ,  -0.16  ,  -162.76
523  ,  -1.00  ,  -4.88  ,  -0.08  ,  -81.38
525  ,  1.00  ,  4.88  ,  0.08  ,  81.38
522  ,  -2.00  ,  -9.77  ,  -0.16  ,  -162.76
523  ,  -1.00  ,  -4.88  ,  -0.08  ,  -81.38
522  ,  -2.00  ,  -9.77  ,  -0.16  ,  -162.76
527  ,  3.00  ,  14.65  ,  0.24  ,  244.14
529  ,  5.00  ,  24.41  ,  0.41  ,  406.90
526  ,  2.00  ,  9.77  ,  0.16  ,  162.76
526  ,  2.00  ,  9.77  ,  0.16  ,  162.76
530  ,  6.00  ,  29.30  ,  0.49  ,  488.28
526  ,  2.00  ,  9.77  ,  0.16  ,  162.76
526  ,  2.00  ,  9.77  ,  0.16  ,  162.76
527  ,  3.00  ,  14.65  ,  0.24  ,  244.14
526  ,  2.00  ,  9.77  ,  0.16  ,  162.76
526  ,  2.00  ,  9.77  ,  0.16  ,  162.76
523  ,  -1.00  ,  -4.88  ,  -0.08  ,  -81.38
527  ,  3.00  ,  14.65  ,  0.24  ,  244.14
525  ,  1.00  ,  4.88  ,  0.08  ,  81.38
526  ,  2.00  ,  9.77  ,  0.16  ,  162.76
525  ,  1.00  ,  4.88  ,  0.08  ,  81.38
527  ,  3.00  ,  14.65  ,  0.24  ,  244.14
525  ,  1.00  ,  4.88  ,  0.08  ,  81.38
525  ,  1.00  ,  4.88  ,  0.08  ,  81.38
527  ,  3.00  ,  14.65  ,  0.24  ,  244.14
526  ,  2.00  ,  9.77  ,  0.16  ,  162.76
525  ,  1.00  ,  4.88  ,  0.08  ,  81.38
527  ,  3.00  ,  14.65  ,  0.24  ,  244.14
526  ,  2.00  ,  9.77  ,  0.16  ,  162.76
525  ,  1.00  ,  4.88  ,  0.08  ,  81.38
526  ,  2.00  ,  9.77  ,  0.16  ,  162.76
525  ,  1.00  ,  4.88  ,  0.08  ,  81.38
527  ,  3.00  ,  14.65  ,  0.24  ,  244.14
526  ,  2.00  ,  9.77  ,  0.16  ,  162.76
525  ,  1.00  ,  4.88  ,  0.08  ,  81.38
525  ,  1.00  ,  4.88  ,  0.08  ,  81.38
526  ,  2.00  ,  9.77  ,  0.16  ,  162.76
522  ,  -2.00  ,  -9.77  ,  -0.16  ,  -162.76
526  ,  2.00  ,  9.77  ,  0.16  ,  162.76
527  ,  3.00  ,  14.65  ,  0.24  ,  244.14
526  ,  2.00  ,  9.77  ,  0.16  ,  162.76
526  ,  2.00  ,  9.77  ,  0.16  ,  162.76
518  ,  -6.00  ,  -29.30  ,  -0.49  ,  -488.28
518  ,  -6.00  ,  -29.30  ,  -0.49  ,  -488.28
525  ,  1.00  ,  4.88  ,  0.08  ,  81.38
520  ,  -4.00  ,  -19.53  ,  -0.33  ,  -325.52
519  ,  -5.00  ,  -24.41  ,  -0.41  ,  -406.90
526  ,  2.00  ,  9.77  ,  0.16  ,  162.76
525  ,  1.00  ,  4.88  ,  0.08  ,  81.38
526  ,  2.00  ,  9.77  ,  0.16  ,  162.76
526  ,  2.00  ,  9.77  ,  0.16  ,  162.76
527  ,  3.00  ,  14.65  ,  0.24  ,  244.14
526  ,  2.00  ,  9.77  ,  0.16  ,  162.76
519  ,  -5.00  ,  -24.41  ,  -0.41  ,  -406.90
527  ,  3.00  ,  14.65  ,  0.24  ,  244.14
526  ,  2.00  ,  9.77  ,  0.16  ,  162.76
525  ,  1.00  ,  4.88  ,  0.08  ,  81.38
525  ,  1.00  ,  4.88  ,  0.08  ,  81.38
527  ,  3.00  ,  14.65  ,  0.24  ,  244.14
527  ,  3.00  ,  14.65  ,  0.24  ,  244.14
526  ,  2.00  ,  9.77  ,  0.16  ,  162.76
526  ,  2.00  ,  9.77  ,  0.16  ,  162.76
526  ,  2.00  ,  9.77  ,  0.16  ,  162.76
526  ,  2.00  ,  9.77  ,  0.16  ,  162.76
525  ,  1.00  ,  4.88  ,  0.08  ,  81.38
527  ,  3.00  ,  14.65  ,  0.24  ,  244.14
525  ,  1.00  ,  4.88  ,  0.08  ,  81.38
527  ,  3.00  ,  14.65  ,  0.24  ,  244.14
525  ,  1.00  ,  4.88  ,  0.08  ,  81.38
526  ,  2.00  ,  9.77  ,  0.16  ,  162.76
525  ,  1.00  ,  4.88  ,  0.08  ,  81.38
527  ,  3.00  ,  14.65  ,  0.24  ,  244.14
526  ,  2.00  ,  9.77  ,  0.16  ,  162.76
527  ,  3.00  ,  14.65  ,  0.24  ,  244.14
527  ,  3.00  ,  14.65  ,  0.24  ,  244.14
527  ,  3.00  ,  14.65  ,  0.24  ,  244.14
525  ,  1.00  ,  4.88  ,  0.08  ,  81.38
527  ,  3.00  ,  14.65  ,  0.24  ,  244.14
531  ,  7.00  ,  34.18  ,  0.57  ,  569.66
525  ,  1.00  ,  4.88  ,  0.08  ,  81.38
527  ,  3.00  ,  14.65  ,  0.24  ,  244.14
526  ,  2.00  ,  9.77  ,  0.16  ,  162.76
525  ,  1.00  ,  4.88  ,  0.08  ,  81.38
527  ,  3.00  ,  14.65  ,  0.24  ,  244.14
526  ,  2.00  ,  9.77  ,  0.16  ,  162.76
525  ,  1.00  ,  4.88  ,  0.08  ,  81.38
527  ,  3.00  ,  14.65  ,  0.24  ,  244.14
526  ,  2.00  ,  9.77  ,  0.16  ,  162.76
526  ,  2.00  ,  9.77  ,  0.16  ,  162.76
526  ,  2.00  ,  9.77  ,  0.16  ,  162.76
526  ,  2.00  ,  9.77  ,  0.16  ,  162.76
526  ,  2.00  ,  9.77  ,  0.16  ,  162.76
526  ,  2.00  ,  9.77  ,  0.16  ,  162.76
532  ,  8.00  ,  39.06  ,  0.65  ,  651.04
525  ,  1.00  ,  4.88  ,  0.08  ,  81.38
525  ,  1.00  ,  4.88  ,  0.08  ,  81.38
527  ,  3.00  ,  14.65  ,  0.24  ,  244.14
525  ,  1.00  ,  4.88  ,  0.08  ,  81.38
526  ,  2.00  ,  9.77  ,  0.16  ,  162.76
527  ,  3.00  ,  14.65  ,  0.24  ,  244.14
526  ,  2.00  ,  9.77  ,  0.16  ,  162.76
526  ,  2.00  ,  9.77  ,  0.16  ,  162.76
526  ,  2.00  ,  9.77  ,  0.16  ,  162.76
525  ,  1.00  ,  4.88  ,  0.08  ,  81.38
525  ,  1.00  ,  4.88  ,  0.08  ,  81.38
527  ,  3.00  ,  14.65  ,  0.24  ,  244.14
525  ,  1.00  ,  4.88  ,  0.08  ,  81.38
526  ,  2.00  ,  9.77  ,  0.16  ,  162.76
527  ,  3.00  ,  14.65  ,  0.24  ,  244.14
526  ,  2.00  ,  9.77  ,  0.16  ,  162.76
527  ,  3.00  ,  14.65  ,  0.24  ,  244.14
527  ,  3.00  ,  14.65  ,  0.24  ,  244.14
523  ,  -1.00  ,  -4.88  ,  -0.08  ,  -81.38
526  ,  2.00  ,  9.77  ,  0.16  ,  162.76
527  ,  3.00  ,  14.65  ,  0.24  ,  244.14
526  ,  2.00  ,  9.77  ,  0.16  ,  162.76
527  ,  3.00  ,  14.65  ,  0.24  ,  244.14
526  ,  2.00  ,  9.77  ,  0.16  ,  162.76
525  ,  1.00  ,  4.88  ,  0.08  ,  81.38
527  ,  3.00  ,  14.65  ,  0.24  ,  244.14
527  ,  3.00  ,  14.65  ,  0.24  ,  244.14
526  ,  2.00  ,  9.77  ,  0.16  ,  162.76
526  ,  2.00  ,  9.77  ,  0.16  ,  162.76
525  ,  1.00  ,  4.88  ,  0.08  ,  81.38
526  ,  2.00  ,  9.77  ,  0.16  ,  162.76
526  ,  2.00  ,  9.77  ,  0.16  ,  162.76
525  ,  1.00  ,  4.88  ,  0.08  ,  81.38
526  ,  2.00  ,  9.77  ,  0.16  ,  162.76
526  ,  2.00  ,  9.77  ,  0.16  ,  162.76
526  ,  2.00  ,  9.77  ,  0.16  ,  162.76
526  ,  2.00  ,  9.77  ,  0.16  ,  162.76
514  ,  -10.00  ,  -48.83  ,  -0.81  ,  -813.80
513  ,  -11.00  ,  -53.71  ,  -0.90  ,  -895.18
516  ,  -8.00  ,  -39.06  ,  -0.65  ,  -651.04
514  ,  -10.00  ,  -48.83  ,  -0.81  ,  -813.80
514  ,  -10.00  ,  -48.83  ,  -0.81  ,  -813.80
525  ,  1.00  ,  4.88  ,  0.08  ,  81.38
525  ,  1.00  ,  4.88  ,  0.08  ,  81.38
527  ,  3.00  ,  14.65  ,  0.24  ,  244.14
526  ,  2.00  ,  9.77  ,  0.16  ,  162.76
527  ,  3.00  ,  14.65  ,  0.24  ,  244.14
526  ,  2.00  ,  9.77  ,  0.16  ,  162.76
525  ,  1.00  ,  4.88  ,  0.08  ,  81.38
526  ,  2.00  ,  9.77  ,  0.16  ,  162.76
527  ,  3.00  ,  14.65  ,  0.24  ,  244.14
526  ,  2.00  ,  9.77  ,  0.16  ,  162.76
527  ,  3.00  ,  14.65  ,  0.24  ,  244.14
527  ,  3.00  ,  14.65  ,  0.24  ,  244.14
525  ,  1.00  ,  4.88  ,  0.08  ,  81.38
525  ,  1.00  ,  4.88  ,  0.08  ,  81.38
525  ,  1.00  ,  4.88  ,  0.08  ,  81.38
527  ,  3.00  ,  14.65  ,  0.24  ,  244.14
527  ,  3.00  ,  14.65  ,  0.24  ,  244.14
525  ,  1.00  ,  4.88  ,  0.08  ,  81.38
527  ,  3.00  ,  14.65  ,  0.24  ,  244.14
527  ,  3.00  ,  14.65  ,  0.24  ,  244.14
514  ,  -10.00  ,  -48.83  ,  -0.81  ,  -813.80
526  ,  2.00  ,  9.77  ,  0.16  ,  162.76
526  ,  2.00  ,  9.77  ,  0.16  ,  162.76
525  ,  1.00  ,  4.88  ,  0.08  ,  81.38
514  ,  -10.00  ,  -48.83  ,  -0.81  ,  -813.80
527  ,  3.00  ,  14.65  ,  0.24  ,  244.14
527  ,  3.00  ,  14.65  ,  0.24  ,  244.14
526  ,  2.00  ,  9.77  ,  0.16  ,  162.76
528  ,  4.00  ,  19.53  ,  0.33  ,  325.52
528  ,  4.00  ,  19.53  ,  0.33  ,  325.52
525  ,  1.00  ,  4.88  ,  0.08  ,  81.38
526  ,  2.00  ,  9.77  ,  0.16  ,  162.76
526  ,  2.00  ,  9.77  ,  0.16  ,  162.76
513  ,  -11.00  ,  -53.71  ,  -0.90  ,  -895.18
526  ,  2.00  ,  9.77  ,  0.16  ,  162.76
526  ,  2.00  ,  9.77  ,  0.16  ,  162.76
526  ,  2.00  ,  9.77  ,  0.16  ,  162.76
526  ,  2.00  ,  9.77  ,  0.16  ,  162.76
526  ,  2.00  ,  9.77  ,  0.16  ,  162.76
526  ,  2.00  ,  9.77  ,  0.16  ,  162.76
526  ,  2.00  ,  9.77  ,  0.16  ,  162.76
514  ,  -10.00  ,  -48.83  ,  -0.81  ,  -813.80
527  ,  3.00  ,  14.65  ,  0.24  ,  244.14
525  ,  1.00  ,  4.88  ,  0.08  ,  81.38
526  ,  2.00  ,  9.77  ,  0.16  ,  162.76
528  ,  4.00  ,  19.53  ,  0.33  ,  325.52
526  ,  2.00  ,  9.77  ,  0.16  ,  162.76
526  ,  2.00  ,  9.77  ,  0.16  ,  162.76
527  ,  3.00  ,  14.65  ,  0.24  ,  244.14
525  ,  1.00  ,  4.88  ,  0.08  ,  81.38
514  ,  -10.00  ,  -48.83  ,  -0.81  ,  -813.80
527  ,  3.00  ,  14.65  ,  0.24  ,  244.14
526  ,  2.00  ,  9.77  ,  0.16  ,  162.76
525  ,  1.00  ,  4.88  ,  0.08  ,  81.38
527  ,  3.00  ,  14.65  ,  0.24  ,  244.14
525  ,  1.00  ,  4.88  ,  0.08  ,  81.38
526  ,  2.00  ,  9.77  ,  0.16  ,  162.76
527  ,  3.00  ,  14.65  ,  0.24  ,  244.14
525  ,  1.00  ,  4.88  ,  0.08  ,  81.38
526  ,  2.00  ,  9.77  ,  0.16  ,  162.76
526  ,  2.00  ,  9.77  ,  0.16  ,  162.76
525  ,  1.00  ,  4.88  ,  0.08  ,  81.38
525  ,  1.00  ,  4.88  ,  0.08  ,  81.38
531  ,  7.00  ,  34.18  ,  0.57  ,  569.66
526  ,  2.00  ,  9.77  ,  0.16  ,  162.76
523  ,  -1.00  ,  -4.88  ,  -0.08  ,  -81.38
530  ,  6.00  ,  29.30  ,  0.49  ,  488.28
525  ,  1.00  ,  4.88  ,  0.08  ,  81.38
526  ,  2.00  ,  9.77  ,  0.16  ,  162.76
526  ,  2.00  ,  9.77  ,  0.16  ,  162.76
525  ,  1.00  ,  4.88  ,  0.08  ,  81.38
527  ,  3.00  ,  14.65  ,  0.24  ,  244.14
525  ,  1.00  ,  4.88  ,  0.08  ,  81.38
526  ,  2.00  ,  9.77  ,  0.16  ,  162.76
526  ,  2.00  ,  9.77  ,  0.16  ,  162.76
525  ,  1.00  ,  4.88  ,  0.08  ,  81.38
526  ,  2.00  ,  9.77  ,  0.16  ,  162.76
526  ,  2.00  ,  9.77  ,  0.16  ,  162.76
525  ,  1.00  ,  4.88  ,  0.08  ,  81.38
517  ,  -7.00  ,  -34.18  ,  -0.57  ,  -569.66
517  ,  -7.00  ,  -34.18  ,  -0.57  ,  -569.66
516  ,  -8.00  ,  -39.06  ,  -0.65  ,  -651.04
516  ,  -8.00  ,  -39.06  ,  -0.65  ,  -651.04
527  ,  3.00  ,  14.65  ,  0.24  ,  244.14
523  ,  -1.00  ,  -4.88  ,  -0.08  ,  -81.38
516  ,  -8.00  ,  -39.06  ,  -0.65  ,  -651.04
530  ,  6.00  ,  29.30  ,  0.49  ,  488.28
525  ,  1.00  ,  4.88  ,  0.08  ,  81.38
529  ,  5.00  ,  24.41  ,  0.41  ,  406.90
525  ,  1.00  ,  4.88  ,  0.08  ,  81.38
526  ,  2.00  ,  9.77  ,  0.16  ,  162.76
527  ,  3.00  ,  14.65  ,  0.24  ,  244.14
525  ,  1.00  ,  4.88  ,  0.08  ,  81.38
526  ,  2.00  ,  9.77  ,  0.16  ,  162.76
527  ,  3.00  ,  14.65  ,  0.24  ,  244.14
526  ,  2.00  ,  9.77  ,  0.16  ,  162.76
525  ,  1.00  ,  4.88  ,  0.08  ,  81.38
526  ,  2.00  ,  9.77  ,  0.16  ,  162.76
526  ,  2.00  ,  9.77  ,  0.16  ,  162.76
525  ,  1.00  ,  4.88  ,  0.08  ,  81.38
527  ,  3.00  ,  14.65  ,  0.24  ,  244.14
525  ,  1.00  ,  4.88  ,  0.08  ,  81.38
526  ,  2.00  ,  9.77  ,  0.16  ,  162.76
527  ,  3.00  ,  14.65  ,  0.24  ,  244.14
526  ,  2.00  ,  9.77  ,  0.16  ,  162.76
525  ,  1.00  ,  4.88  ,  0.08  ,  81.38
527  ,  3.00  ,  14.65  ,  0.24  ,  244.14
525  ,  1.00  ,  4.88  ,  0.08  ,  81.38
527  ,  3.00  ,  14.65  ,  0.24  ,  244.14
526  ,  2.00  ,  9.77  ,  0.16  ,  162.76
525  ,  1.00  ,  4.88  ,  0.08  ,  81.38
527  ,  3.00  ,  14.65  ,  0.24  ,  244.14
526  ,  2.00  ,  9.77  ,  0.16  ,  162.76
526  ,  2.00  ,  9.77  ,  0.16  ,  162.76
520  ,  -4.00  ,  -19.53  ,  -0.33  ,  -325.52
526  ,  2.00  ,  9.77  ,  0.16  ,  162.76
526  ,  2.00  ,  9.77  ,  0.16  ,  162.76
526  ,  2.00  ,  9.77  ,  0.16  ,  162.76
525  ,  1.00  ,  4.88  ,  0.08  ,  81.38
528  ,  4.00  ,  19.53  ,  0.33  ,  325.52
525  ,  1.00  ,  4.88  ,  0.08  ,  81.38
525  ,  1.00  ,  4.88  ,  0.08  ,  81.38
526  ,  2.00  ,  9.77  ,  0.16  ,  162.76
525  ,  1.00  ,  4.88  ,  0.08  ,  81.38
526  ,  2.00  ,  9.77  ,  0.16  ,  162.76
527  ,  3.00  ,  14.65  ,  0.24  ,  244.14
526  ,  2.00  ,  9.77  ,  0.16  ,  162.76
527  ,  3.00  ,  14.65  ,  0.24  ,  244.14
527  ,  3.00  ,  14.65  ,  0.24  ,  244.14
525  ,  1.00  ,  4.88  ,  0.08  ,  81.38
526  ,  2.00  ,  9.77  ,  0.16  ,  162.76
526  ,  2.00  ,  9.77  ,  0.16  ,  162.76
525  ,  1.00  ,  4.88  ,  0.08  ,  81.38
527  ,  3.00  ,  14.65  ,  0.24  ,  244.14
526  ,  2.00  ,  9.77  ,  0.16  ,  162.76
523  ,  -1.00  ,  -4.88  ,  -0.08  ,  -81.38
521  ,  -3.00  ,  -14.65  ,  -0.24  ,  -244.14
527  ,  3.00  ,  14.65  ,  0.24  ,  244.14
525  ,  1.00  ,  4.88  ,  0.08  ,  81.38
526  ,  2.00  ,  9.77  ,  0.16  ,  162.76
526  ,  2.00  ,  9.77  ,  0.16  ,  162.76
523  ,  -1.00  ,  -4.88  ,  -0.08  ,  -81.38
526  ,  2.00  ,  9.77  ,  0.16  ,  162.76
526  ,  2.00  ,  9.77  ,  0.16  ,  162.76
520  ,  -4.00  ,  -19.53  ,  -0.33  ,  -325.52
526  ,  2.00  ,  9.77  ,  0.16  ,  162.76
528  ,  4.00  ,  19.53  ,  0.33  ,  325.52
523  ,  -1.00  ,  -4.88  ,  -0.08  ,  -81.38
526  ,  2.00  ,  9.77  ,  0.16  ,  162.76
526  ,  2.00  ,  9.77  ,  0.16  ,  162.76
525  ,  1.00  ,  4.88  ,  0.08  ,  81.38
527  ,  3.00  ,  14.65  ,  0.24  ,  244.14
525  ,  1.00  ,  4.88  ,  0.08  ,  81.38
526  ,  2.00  ,  9.77  ,  0.16  ,  162.76
527  ,  3.00  ,  14.65  ,  0.24  ,  244.14
526  ,  2.00  ,  9.77  ,  0.16  ,  162.76
526  ,  2.00  ,  9.77  ,  0.16  ,  162.76
526  ,  2.00  ,  9.77  ,  0.16  ,  162.76
527  ,  3.00  ,  14.65  ,  0.24  ,  244.14
526  ,  2.00  ,  9.77  ,  0.16  ,  162.76
527  ,  3.00  ,  14.65  ,  0.24  ,  244.14
526  ,  2.00  ,  9.77  ,  0.16  ,  162.76
526  ,  2.00  ,  9.77  ,  0.16  ,  162.76
525  ,  1.00  ,  4.88  ,  0.08  ,  81.38
525  ,  1.00  ,  4.88  ,  0.08  ,  81.38
527  ,  3.00  ,  14.65  ,  0.24  ,  244.14
526  ,  2.00  ,  9.77  ,  0.16  ,  162.76
527  ,  3.00  ,  14.65  ,  0.24  ,  244.14
525  ,  1.00  ,  4.88  ,  0.08  ,  81.38
526  ,  2.00  ,  9.77  ,  0.16  ,  162.76
527  ,  3.00  ,  14.65  ,  0.24  ,  244.14
525  ,  1.00  ,  4.88  ,  0.08  ,  81.38
525  ,  1.00  ,  4.88  ,  0.08  ,  81.38
527  ,  3.00  ,  14.65  ,  0.24  ,  244.14
526  ,  2.00  ,  9.77  ,  0.16  ,  162.76
526  ,  2.00  ,  9.77  ,  0.16  ,  162.76
526  ,  2.00  ,  9.77  ,  0.16  ,  162.76
526  ,  2.00  ,  9.77  ,  0.16  ,  162.76
526  ,  2.00  ,  9.77  ,  0.16  ,  162.76
526  ,  2.00  ,  9.77  ,  0.16  ,  162.76
527  ,  3.00  ,  14.65  ,  0.24  ,  244.14
526  ,  2.00  ,  9.77  ,  0.16  ,  162.76
526  ,  2.00  ,  9.77  ,  0.16  ,  162.76
526  ,  2.00  ,  9.77  ,  0.16  ,  162.76
523  ,  -1.00  ,  -4.88  ,  -0.08  ,  -81.38
527  ,  3.00  ,  14.65  ,  0.24  ,  244.14
526  ,  2.00  ,  9.77  ,  0.16  ,  162.76
527  ,  3.00  ,  14.65  ,  0.24  ,  244.14
525  ,  1.00  ,  4.88  ,  0.08  ,  81.38
527  ,  3.00  ,  14.65  ,  0.24  ,  244.14
525  ,  1.00  ,  4.88  ,  0.08  ,  81.38
526  ,  2.00  ,  9.77  ,  0.16  ,  162.76
526  ,  2.00  ,  9.77  ,  0.16  ,  162.76
526  ,  2.00  ,  9.77  ,  0.16  ,  162.76
521  ,  -3.00  ,  -14.65  ,  -0.24  ,  -244.14
523  ,  -1.00  ,  -4.88  ,  -0.08  ,  -81.38
527  ,  3.00  ,  14.65  ,  0.24  ,  244.14
526  ,  2.00  ,  9.77  ,  0.16  ,  162.76
526  ,  2.00  ,  9.77  ,  0.16  ,  162.76
527  ,  3.00  ,  14.65  ,  0.24  ,  244.14
525  ,  1.00  ,  4.88  ,  0.08  ,  81.38
529  ,  5.00  ,  24.41  ,  0.41  ,  406.90
525  ,  1.00  ,  4.88  ,  0.08  ,  81.38
526  ,  2.00  ,  9.77  ,  0.16  ,  162.76
527  ,  3.00  ,  14.65  ,  0.24  ,  244.14
525  ,  1.00  ,  4.88  ,  0.08  ,  81.38
527  ,  3.00  ,  14.65  ,  0.24  ,  244.14
527  ,  3.00  ,  14.65  ,  0.24  ,  244.14
525  ,  1.00  ,  4.88  ,  0.08  ,  81.38
523  ,  -1.00  ,  -4.88  ,  -0.08  ,  -81.38
525  ,  1.00  ,  4.88  ,  0.08  ,  81.38
527  ,  3.00  ,  14.65  ,  0.24  ,  244.14
526  ,  2.00  ,  9.77  ,  0.16  ,  162.76
526  ,  2.00  ,  9.77  ,  0.16  ,  162.76
526  ,  2.00  ,  9.77  ,  0.16  ,  162.76
526  ,  2.00  ,  9.77  ,  0.16  ,  162.76
526  ,  2.00  ,  9.77  ,  0.16  ,  162.76
527  ,  3.00  ,  14.65  ,  0.24  ,  244.14
526  ,  2.00  ,  9.77  ,  0.16  ,  162.76
525  ,  1.00  ,  4.88  ,  0.08  ,  81.38
526  ,  2.00  ,  9.77  ,  0.16  ,  162.76
525  ,  1.00  ,  4.88  ,  0.08  ,  81.38
526  ,  2.00  ,  9.77  ,  0.16  ,  162.76
526  ,  2.00  ,  9.77  ,  0.16  ,  162.76
526  ,  2.00  ,  9.77  ,  0.16  ,  162.76
526  ,  2.00  ,  9.77  ,  0.16  ,  162.76
526  ,  2.00  ,  9.77  ,  0.16  ,  162.76
525  ,  1.00  ,  4.88  ,  0.08  ,  81.38
526  ,  2.00  ,  9.77  ,  0.16  ,  162.76
526  ,  2.00  ,  9.77  ,  0.16  ,  162.76
526  ,  2.00  ,  9.77  ,  0.16  ,  162.76
528  ,  4.00  ,  19.53  ,  0.33  ,  325.52
525  ,  1.00  ,  4.88  ,  0.08  ,  81.38
527  ,  3.00  ,  14.65  ,  0.24  ,  244.14
521  ,  -3.00  ,  -14.65  ,  -0.24  ,  -244.14
527  ,  3.00  ,  14.65  ,  0.24  ,  244.14
525  ,  1.00  ,  4.88  ,  0.08  ,  81.38
526  ,  2.00  ,  9.77  ,  0.16  ,  162.76
526  ,  2.00  ,  9.77  ,  0.16  ,  162.76
525  ,  1.00  ,  4.88  ,  0.08  ,  81.38
527  ,  3.00  ,  14.65  ,  0.24  ,  244.14
525  ,  1.00  ,  4.88  ,  0.08  ,  81.38
526  ,  2.00  ,  9.77  ,  0.16  ,  162.76
525  ,  1.00  ,  4.88  ,  0.08  ,  81.38
527  ,  3.00  ,  14.65  ,  0.24  ,  244.14
527  ,  3.00  ,  14.65  ,  0.24  ,  244.14
525  ,  1.00  ,  4.88  ,  0.08  ,  81.38
527  ,  3.00  ,  14.65  ,  0.24  ,  244.14
525  ,  1.00  ,  4.88  ,  0.08  ,  81.38
527  ,  3.00  ,  14.65  ,  0.24  ,  244.14
526  ,  2.00  ,  9.77  ,  0.16  ,  162.76
526  ,  2.00  ,  9.77  ,  0.16  ,  162.76
527  ,  3.00  ,  14.65  ,  0.24  ,  244.14
525  ,  1.00  ,  4.88  ,  0.08  ,  81.38
526  ,  2.00  ,  9.77  ,  0.16  ,  162.76
526  ,  2.00  ,  9.77  ,  0.16  ,  162.76
526  ,  2.00  ,  9.77  ,  0.16  ,  162.76
525  ,  1.00  ,  4.88  ,  0.08  ,  81.38
526  ,  2.00  ,  9.77  ,  0.16  ,  162.76
526  ,  2.00  ,  9.77  ,  0.16  ,  162.76
526  ,  2.00  ,  9.77  ,  0.16  ,  162.76
527  ,  3.00  ,  14.65  ,  0.24  ,  244.14
526  ,  2.00  ,  9.77  ,  0.16  ,  162.76
527  ,  3.00  ,  14.65  ,  0.24  ,  244.14
525  ,  1.00  ,  4.88  ,  0.08  ,  81.38
526  ,  2.00  ,  9.77  ,  0.16  ,  162.76
525  ,  1.00  ,  4.88  ,  0.08  ,  81.38
526  ,  2.00  ,  9.77  ,  0.16  ,  162.76
526  ,  2.00  ,  9.77  ,  0.16  ,  162.76
525  ,  1.00  ,  4.88  ,  0.08  ,  81.38
527  ,  3.00  ,  14.65  ,  0.24  ,  244.14
526  ,  2.00  ,  9.77  ,  0.16  ,  162.76
527  ,  3.00  ,  14.65  ,  0.24  ,  244.14
525  ,  1.00  ,  4.88  ,  0.08  ,  81.38
530  ,  6.00  ,  29.30  ,  0.49  ,  488.28
526  ,  2.00  ,  9.77  ,  0.16  ,  162.76
525  ,  1.00  ,  4.88  ,  0.08  ,  81.38
526  ,  2.00  ,  9.77  ,  0.16  ,  162.76
526  ,  2.00  ,  9.77  ,  0.16  ,  162.76
526  ,  2.00  ,  9.77  ,  0.16  ,  162.76
526  ,  2.00  ,  9.77  ,  0.16  ,  162.76
523  ,  -1.00  ,  -4.88  ,  -0.08  ,  -81.38
526  ,  2.00  ,  9.77  ,  0.16  ,  162.76
525  ,  1.00  ,  4.88  ,  0.08  ,  81.38
526  ,  2.00  ,  9.77  ,  0.16  ,  162.76
526  ,  2.00  ,  9.77  ,  0.16  ,  162.76
528  ,  4.00  ,  19.53  ,  0.33  ,  325.52
526  ,  2.00  ,  9.77  ,  0.16  ,  162.76
523  ,  -1.00  ,  -4.88  ,  -0.08  ,  -81.38
527  ,  3.00  ,  14.65  ,  0.24  ,  244.14
525  ,  1.00  ,  4.88  ,  0.08  ,  81.38
527  ,  3.00  ,  14.65  ,  0.24  ,  244.14
531  ,  7.00  ,  34.18  ,  0.57  ,  569.66
525  ,  1.00  ,  4.88  ,  0.08  ,  81.38
527  ,  3.00  ,  14.65  ,  0.24  ,  244.14
526  ,  2.00  ,  9.77  ,  0.16  ,  162.76
529  ,  5.00  ,  24.41  ,  0.41  ,  406.90
525  ,  1.00  ,  4.88  ,  0.08  ,  81.38
527  ,  3.00  ,  14.65  ,  0.24  ,  244.14
525  ,  1.00  ,  4.88  ,  0.08  ,  81.38
525  ,  1.00  ,  4.88  ,  0.08  ,  81.38
526  ,  2.00  ,  9.77  ,  0.16  ,  162.76
525  ,  1.00  ,  4.88  ,  0.08  ,  81.38
526  ,  2.00  ,  9.77  ,  0.16  ,  162.76
526  ,  2.00  ,  9.77  ,  0.16  ,  162.76
525  ,  1.00  ,  4.88  ,  0.08  ,  81.38
526  ,  2.00  ,  9.77  ,  0.16  ,  162.76
526  ,  2.00  ,  9.77  ,  0.16  ,  162.76
527  ,  3.00  ,  14.65  ,  0.24  ,  244.14
527  ,  3.00  ,  14.65  ,  0.24  ,  244.14
526  ,  2.00  ,  9.77  ,  0.16  ,  162.76
526  ,  2.00  ,  9.77  ,  0.16  ,  162.76
531  ,  7.00  ,  34.18  ,  0.57  ,  569.66
523  ,  -1.00  ,  -4.88  ,  -0.08  ,  -81.38
526  ,  2.00  ,  9.77  ,  0.16  ,  162.76
525  ,  1.00  ,  4.88  ,  0.08  ,  81.38
527  ,  3.00  ,  14.65  ,  0.24  ,  244.14
525  ,  1.00  ,  4.88  ,  0.08  ,  81.38
525  ,  1.00  ,  4.88  ,  0.08  ,  81.38
526  ,  2.00  ,  9.77  ,  0.16  ,  162.76
527  ,  3.00  ,  14.65  ,  0.24  ,  244.14
526  ,  2.00  ,  9.77  ,  0.16  ,  162.76
525  ,  1.00  ,  4.88  ,  0.08  ,  81.38
526  ,  2.00  ,  9.77  ,  0.16  ,  162.76
526  ,  2.00  ,  9.77  ,  0.16  ,  162.76
525  ,  1.00  ,  4.88  ,  0.08  ,  81.38
526  ,  2.00  ,  9.77  ,  0.16  ,  162.76
527  ,  3.00  ,  14.65  ,  0.24  ,  244.14
526  ,  2.00  ,  9.77  ,  0.16  ,  162.76
526  ,  2.00  ,  9.77  ,  0.16  ,  162.76
526  ,  2.00  ,  9.77  ,  0.16  ,  162.76
525  ,  1.00  ,  4.88  ,  0.08  ,  81.38
527  ,  3.00  ,  14.65  ,  0.24  ,  244.14
526  ,  2.00  ,  9.77  ,  0.16  ,  162.76
526  ,  2.00  ,  9.77  ,  0.16  ,  162.76
527  ,  3.00  ,  14.65  ,  0.24  ,  244.14
525  ,  1.00  ,  4.88  ,  0.08  ,  81.38
527  ,  3.00  ,  14.65  ,  0.24  ,  244.14
526  ,  2.00  ,  9.77  ,  0.16  ,  162.76
527  ,  3.00  ,  14.65  ,  0.24  ,  244.14
527  ,  3.00  ,  14.65  ,  0.24  ,  244.14
528  ,  4.00  ,  19.53  ,  0.33  ,  325.52
526  ,  2.00  ,  9.77  ,  0.16  ,  162.76
526  ,  2.00  ,  9.77  ,  0.16  ,  162.76
522  ,  -2.00  ,  -9.77  ,  -0.16  ,  -162.76
528  ,  4.00  ,  19.53  ,  0.33  ,  325.52
525  ,  1.00  ,  4.88  ,  0.08  ,  81.38
526  ,  2.00  ,  9.77  ,  0.16  ,  162.76
527  ,  3.00  ,  14.65  ,  0.24  ,  244.14
525  ,  1.00  ,  4.88  ,  0.08  ,  81.38
523  ,  -1.00  ,  -4.88  ,  -0.08  ,  -81.38
527  ,  3.00  ,  14.65  ,  0.24  ,  244.14
526  ,  2.00  ,  9.77  ,  0.16  ,  162.76
526  ,  2.00  ,  9.77  ,  0.16  ,  162.76
527  ,  3.00  ,  14.65  ,  0.24  ,  244.14
525  ,  1.00  ,  4.88  ,  0.08  ,  81.38
526  ,  2.00  ,  9.77  ,  0.16  ,  162.76
523  ,  -1.00  ,  -4.88  ,  -0.08  ,  -81.38
526  ,  2.00  ,  9.77  ,  0.16  ,  162.76
525  ,  1.00  ,  4.88  ,  0.08  ,  81.38
527  ,  3.00  ,  14.65  ,  0.24  ,  244.14
526  ,  2.00  ,  9.77  ,  0.16  ,  162.76
527  ,  3.00  ,  14.65  ,  0.24  ,  244.14
525  ,  1.00  ,  4.88  ,  0.08  ,  81.38
528  ,  4.00  ,  19.53  ,  0.33  ,  325.52
525  ,  1.00  ,  4.88  ,  0.08  ,  81.38
527  ,  3.00  ,  14.65  ,  0.24  ,  244.14
526  ,  2.00  ,  9.77  ,  0.16  ,  162.76
526  ,  2.00  ,  9.77  ,  0.16  ,  162.76
526  ,  2.00  ,  9.77  ,  0.16  ,  162.76
527  ,  3.00  ,  14.65  ,  0.24  ,  244.14
527  ,  3.00  ,  14.65  ,  0.24  ,  244.14
527  ,  3.00  ,  14.65  ,  0.24  ,  244.14
523  ,  -1.00  ,  -4.88  ,  -0.08  ,  -81.38
527  ,  3.00  ,  14.65  ,  0.24  ,  244.14
525  ,  1.00  ,  4.88  ,  0.08  ,  81.38
526  ,  2.00  ,  9.77  ,  0.16  ,  162.76
527  ,  3.00  ,  14.65  ,  0.24  ,  244.14
526  ,  2.00  ,  9.77  ,  0.16  ,  162.76
525  ,  1.00  ,  4.88  ,  0.08  ,  81.38
527  ,  3.00  ,  14.65  ,  0.24  ,  244.14
527  ,  3.00  ,  14.65  ,  0.24  ,  244.14
525  ,  1.00  ,  4.88  ,  0.08  ,  81.38
527  ,  3.00  ,  14.65  ,  0.24  ,  244.14
525  ,  1.00  ,  4.88  ,  0.08  ,  81.38
527  ,  3.00  ,  14.65  ,  0.24  ,  244.14
525  ,  1.00  ,  4.88  ,  0.08  ,  81.38
526  ,  2.00  ,  9.77  ,  0.16  ,  162.76
526  ,  2.00  ,  9.77  ,  0.16  ,  162.76
526  ,  2.00  ,  9.77  ,  0.16  ,  162.76
527  ,  3.00  ,  14.65  ,  0.24  ,  244.14
525  ,  1.00  ,  4.88  ,  0.08  ,  81.38
526  ,  2.00  ,  9.77  ,  0.16  ,  162.76
527  ,  3.00  ,  14.65  ,  0.24  ,  244.14
525  ,  1.00  ,  4.88  ,  0.08  ,  81.38
527  ,  3.00  ,  14.65  ,  0.24  ,  244.14
526  ,  2.00  ,  9.77  ,  0.16  ,  162.76
526  ,  2.00  ,  9.77  ,  0.16  ,  162.76
525  ,  1.00  ,  4.88  ,  0.08  ,  81.38
526  ,  2.00  ,  9.77  ,  0.16  ,  162.76
525  ,  1.00  ,  4.88  ,  0.08  ,  81.38
525  ,  1.00  ,  4.88  ,  0.08  ,  81.38
522  ,  -2.00  ,  -9.77  ,  -0.16  ,  -162.76
525  ,  1.00  ,  4.88  ,  0.08  ,  81.38
527  ,  3.00  ,  14.65  ,  0.24  ,  244.14
525  ,  1.00  ,  4.88  ,  0.08  ,  81.38
526  ,  2.00  ,  9.77  ,  0.16  ,  162.76
526  ,  2.00  ,  9.77  ,  0.16  ,  162.76
525  ,  1.00  ,  4.88  ,  0.08  ,  81.38
526  ,  2.00  ,  9.77  ,  0.16  ,  162.76
526  ,  2.00  ,  9.77  ,  0.16  ,  162.76
526  ,  2.00  ,  9.77  ,  0.16  ,  162.76
525  ,  1.00  ,  4.88  ,  0.08  ,  81.38
526  ,  2.00  ,  9.77  ,  0.16  ,  162.76
526  ,  2.00  ,  9.77  ,  0.16  ,  162.76
526  ,  2.00  ,  9.77  ,  0.16  ,  162.76
527  ,  3.00  ,  14.65  ,  0.24  ,  244.14
525  ,  1.00  ,  4.88  ,  0.08  ,  81.38
527  ,  3.00  ,  14.65  ,  0.24  ,  244.14
525  ,  1.00  ,  4.88  ,  0.08  ,  81.38
526  ,  2.00  ,  9.77  ,  0.16  ,  162.76
525  ,  1.00  ,  4.88  ,  0.08  ,  81.38
525  ,  1.00  ,  4.88  ,  0.08  ,  81.38
528  ,  4.00  ,  19.53  ,  0.33  ,  325.52
525  ,  1.00  ,  4.88  ,  0.08  ,  81.38
525  ,  1.00  ,  4.88  ,  0.08  ,  81.38
526  ,  2.00  ,  9.77  ,  0.16  ,  162.76
527  ,  3.00  ,  14.65  ,  0.24  ,  244.14
527  ,  3.00  ,  14.65  ,  0.24  ,  244.14
525  ,  1.00  ,  4.88  ,  0.08  ,  81.38
526  ,  2.00  ,  9.77  ,  0.16  ,  162.76
525  ,  1.00  ,  4.88  ,  0.08  ,  81.38
526  ,  2.00  ,  9.77  ,  0.16  ,  162.76
526  ,  2.00  ,  9.77  ,  0.16  ,  162.76
526  ,  2.00  ,  9.77  ,  0.16  ,  162.76
527  ,  3.00  ,  14.65  ,  0.24  ,  244.14
526  ,  2.00  ,  9.77  ,  0.16  ,  162.76
526  ,  2.00  ,  9.77  ,  0.16  ,  162.76
527  ,  3.00  ,  14.65  ,  0.24  ,  244.14
525  ,  1.00  ,  4.88  ,  0.08  ,  81.38
526  ,  2.00  ,  9.77  ,  0.16  ,  162.76
526  ,  2.00  ,  9.77  ,  0.16  ,  162.76
526  ,  2.00  ,  9.77  ,  0.16  ,  162.76
526  ,  2.00  ,  9.77  ,  0.16  ,  162.76
526  ,  2.00  ,  9.77  ,  0.16  ,  162.76
525  ,  1.00  ,  4.88  ,  0.08  ,  81.38
525  ,  1.00  ,  4.88  ,  0.08  ,  81.38
526  ,  2.00  ,  9.77  ,  0.16  ,  162.76
526  ,  2.00  ,  9.77  ,  0.16  ,  162.76
526  ,  2.00  ,  9.77  ,  0.16  ,  162.76
531  ,  7.00  ,  34.18  ,  0.57  ,  569.66
525  ,  1.00  ,  4.88  ,  0.08  ,  81.38
527  ,  3.00  ,  14.65  ,  0.24  ,  244.14
525  ,  1.00  ,  4.88  ,  0.08  ,  81.38
526  ,  2.00  ,  9.77  ,  0.16  ,  162.76
521  ,  -3.00  ,  -14.65  ,  -0.24  ,  -244.14
525  ,  1.00  ,  4.88  ,  0.08  ,  81.38
526  ,  2.00  ,  9.77  ,  0.16  ,  162.76
526  ,  2.00  ,  9.77  ,  0.16  ,  162.76
525  ,  1.00  ,  4.88  ,  0.08  ,  81.38
526  ,  2.00  ,  9.77  ,  0.16  ,  162.76
525  ,  1.00  ,  4.88  ,  0.08  ,  81.38
527  ,  3.00  ,  14.65  ,  0.24  ,  244.14
526  ,  2.00  ,  9.77  ,  0.16  ,  162.76
527  ,  3.00  ,  14.65  ,  0.24  ,  244.14
526  ,  2.00  ,  9.77  ,  0.16  ,  162.76
525  ,  1.00  ,  4.88  ,  0.08  ,  81.38
527  ,  3.00  ,  14.65  ,  0.24  ,  244.14
526  ,  2.00  ,  9.77  ,  0.16  ,  162.76
527  ,  3.00  ,  14.65  ,  0.24  ,  244.14
526  ,  2.00  ,  9.77  ,  0.16  ,  162.76
527  ,  3.00  ,  14.65  ,  0.24  ,  244.14
526  ,  2.00  ,  9.77  ,  0.16  ,  162.76
526  ,  2.00  ,  9.77  ,  0.16  ,  162.76
527  ,  3.00  ,  14.65  ,  0.24  ,  244.14
526  ,  2.00  ,  9.77  ,  0.16  ,  162.76
527  ,  3.00  ,  14.65  ,  0.24  ,  244.14
526  ,  2.00  ,  9.77  ,  0.16  ,  162.76
525  ,  1.00  ,  4.88  ,  0.08  ,  81.38
527  ,  3.00  ,  14.65  ,  0.24  ,  244.14
525  ,  1.00  ,  4.88  ,  0.08  ,  81.38
526  ,  2.00  ,  9.77  ,  0.16  ,  162.76
526  ,  2.00  ,  9.77  ,  0.16  ,  162.76
526  ,  2.00  ,  9.77  ,  0.16  ,  162.76
528  ,  4.00  ,  19.53  ,  0.33  ,  325.52
525  ,  1.00  ,  4.88  ,  0.08  ,  81.38
526  ,  2.00  ,  9.77  ,  0.16  ,  162.76
526  ,  2.00  ,  9.77  ,  0.16  ,  162.76
525  ,  1.00  ,  4.88  ,  0.08  ,  81.38
526  ,  2.00  ,  9.77  ,  0.16  ,  162.76
525  ,  1.00  ,  4.88  ,  0.08  ,  81.38
526  ,  2.00  ,  9.77  ,  0.16  ,  162.76
525  ,  1.00  ,  4.88  ,  0.08  ,  81.38
527  ,  3.00  ,  14.65  ,  0.24  ,  244.14
526  ,  2.00  ,  9.77  ,  0.16  ,  162.76
526  ,  2.00  ,  9.77  ,  0.16  ,  162.76
527  ,  3.00  ,  14.65  ,  0.24  ,  244.14
525  ,  1.00  ,  4.88  ,  0.08  ,  81.38
526  ,  2.00  ,  9.77  ,  0.16  ,  162.76
526  ,  2.00  ,  9.77  ,  0.16  ,  162.76
525  ,  1.00  ,  4.88  ,  0.08  ,  81.38
526  ,  2.00  ,  9.77  ,  0.16  ,  162.76
526  ,  2.00  ,  9.77  ,  0.16  ,  162.76
526  ,  2.00  ,  9.77  ,  0.16  ,  162.76
525  ,  1.00  ,  4.88  ,  0.08  ,  81.38
525  ,  1.00  ,  4.88  ,  0.08  ,  81.38
527  ,  3.00  ,  14.65  ,  0.24  ,  244.14
526  ,  2.00  ,  9.77  ,  0.16  ,  162.76
525  ,  1.00  ,  4.88  ,  0.08  ,  81.38
526  ,  2.00  ,  9.77  ,  0.16  ,  162.76
